,LOCATION,TIME,Value,MEASURE
0,AUS,1950,0.892857,NATUSD
1,AUS,1951,0.892857,NATUSD
2,AUS,1952,0.892857,NATUSD
3,AUS,1953,0.892857,NATUSD
4,AUS,1954,0.892857,NATUSD
5,AUS,1955,0.892857,NATUSD
6,AUS,1956,0.892857,NATUSD
7,AUS,1957,0.892857,NATUSD
8,AUS,1958,0.892857,NATUSD
9,AUS,1959,0.892857,NATUSD
10,AUS,1960,0.892857,NATUSD
11,AUS,1961,0.892857,NATUSD
12,AUS,1962,0.892857,NATUSD
13,AUS,1963,0.892857,NATUSD
14,AUS,1964,0.892857,NATUSD
15,AUS,1965,0.892857,NATUSD
16,AUS,1966,0.892857,NATUSD
17,AUS,1967,0.892857,NATUSD
18,AUS,1968,0.892857,NATUSD
19,AUS,1969,0.892857,NATUSD
20,AUS,1970,0.892857,NATUSD
21,AUS,1971,0.8826700000000001,NATUSD
22,AUS,1972,0.8386979999999999,NATUSD
23,AUS,1973,0.704114,NATUSD
24,AUS,1974,0.696666,NATUSD
25,AUS,1975,0.763871,NATUSD
26,AUS,1976,0.818284,NATUSD
27,AUS,1977,0.901825,NATUSD
28,AUS,1978,0.873659,NATUSD
29,AUS,1979,0.894641,NATUSD
30,AUS,1980,0.878244,NATUSD
31,AUS,1981,0.870215,NATUSD
32,AUS,1982,0.9858629999999999,NATUSD
33,AUS,1983,1.110015,NATUSD
34,AUS,1984,1.139519,NATUSD
35,AUS,1985,1.4318950000000001,NATUSD
36,AUS,1986,1.495974,NATUSD
37,AUS,1987,1.42818,NATUSD
38,AUS,1988,1.279908,NATUSD
39,AUS,1989,1.264597,NATUSD
40,AUS,1990,1.281057,NATUSD
41,AUS,1991,1.283756,NATUSD
42,AUS,1992,1.361648,NATUSD
43,AUS,1993,1.47056,NATUSD
44,AUS,1994,1.367751,NATUSD
45,AUS,1995,1.349033,NATUSD
46,AUS,1996,1.277863,NATUSD
47,AUS,1997,1.34738,NATUSD
48,AUS,1998,1.591828,NATUSD
49,AUS,1999,1.54995,NATUSD
50,AUS,2000,1.724827,NATUSD
51,AUS,2001,1.933443,NATUSD
52,AUS,2002,1.8405630000000002,NATUSD
53,AUS,2003,1.541914,NATUSD
54,AUS,2004,1.359752,NATUSD
55,AUS,2005,1.3094729999999999,NATUSD
56,AUS,2006,1.3279729999999998,NATUSD
57,AUS,2007,1.195073,NATUSD
58,AUS,2008,1.192178,NATUSD
59,AUS,2009,1.282189,NATUSD
60,AUS,2010,1.090159,NATUSD
61,AUS,2011,0.969463,NATUSD
62,AUS,2012,0.965801,NATUSD
63,AUS,2013,1.035843,NATUSD
64,AUS,2014,1.1093629999999999,NATUSD
65,AUS,2015,1.3310899999999999,NATUSD
66,AUS,2016,1.345214,NATUSD
67,AUS,2017,1.304758,NATUSD
68,AUT,1950,1.453166,NATUSD
69,AUT,1951,1.5521459999999998,NATUSD
70,AUT,1952,1.5521459999999998,NATUSD
71,AUT,1953,1.7742349999999998,NATUSD
72,AUT,1954,1.8894939999999998,NATUSD
73,AUT,1955,1.8894939999999998,NATUSD
74,AUT,1956,1.8894939999999998,NATUSD
75,AUT,1957,1.8894939999999998,NATUSD
76,AUT,1958,1.8894939999999998,NATUSD
77,AUT,1959,1.8894939999999998,NATUSD
78,AUT,1960,1.8894939999999998,NATUSD
79,AUT,1961,1.8894939999999998,NATUSD
80,AUT,1962,1.8894939999999998,NATUSD
81,AUT,1963,1.8894939999999998,NATUSD
82,AUT,1964,1.8894939999999998,NATUSD
83,AUT,1965,1.8894939999999998,NATUSD
84,AUT,1966,1.8894939999999998,NATUSD
85,AUT,1967,1.8894939999999998,NATUSD
86,AUT,1968,1.8894939999999998,NATUSD
87,AUT,1969,1.8894939999999998,NATUSD
88,AUT,1970,1.8894939999999998,NATUSD
89,AUT,1971,1.8157729999999999,NATUSD
90,AUT,1972,1.679857,NATUSD
91,AUT,1973,1.422934,NATUSD
92,AUT,1974,1.3584370000000001,NATUSD
93,AUT,1975,1.265725,NATUSD
94,AUT,1976,1.303726,NATUSD
95,AUT,1977,1.201058,NATUSD
96,AUT,1978,1.055331,NATUSD
97,AUT,1979,0.971454,NATUSD
98,AUT,1980,0.940241,NATUSD
99,AUT,1981,1.157448,NATUSD
100,AUT,1982,1.239744,NATUSD
101,AUT,1983,1.3054459999999999,NATUSD
102,AUT,1984,1.454117,NATUSD
103,AUT,1985,1.503565,NATUSD
104,AUT,1986,1.1095059999999999,NATUSD
105,AUT,1987,0.918766,NATUSD
106,AUT,1988,0.8973399999999999,NATUSD
107,AUT,1989,0.9615100000000001,NATUSD
108,AUT,1990,0.8262780000000001,NATUSD
109,AUT,1991,0.8485219999999999,NATUSD
110,AUT,1992,0.7986260000000001,NATUSD
111,AUT,1993,0.8453440000000001,NATUSD
112,AUT,1994,0.8300559999999999,NATUSD
113,AUT,1995,0.732651,NATUSD
114,AUT,1996,0.769355,NATUSD
115,AUT,1997,0.886917,NATUSD
116,AUT,1998,0.8996219999999999,NATUSD
117,AUT,1999,0.938627,NATUSD
118,AUT,2000,1.085401,NATUSD
119,AUT,2001,1.11751,NATUSD
120,AUT,2002,1.062552,NATUSD
121,AUT,2003,0.886034,NATUSD
122,AUT,2004,0.805365,NATUSD
123,AUT,2005,0.80412,NATUSD
124,AUT,2006,0.797141,NATUSD
125,AUT,2007,0.730638,NATUSD
126,AUT,2008,0.682675,NATUSD
127,AUT,2009,0.719843,NATUSD
128,AUT,2010,0.755045,NATUSD
129,AUT,2011,0.719355,NATUSD
130,AUT,2012,0.7782939999999999,NATUSD
131,AUT,2013,0.753159,NATUSD
132,AUT,2014,0.753731,NATUSD
133,AUT,2015,0.901659,NATUSD
134,AUT,2016,0.904035,NATUSD
135,AUT,2017,0.8873969999999999,NATUSD
136,BEL,1950,1.239468,NATUSD
137,BEL,1951,1.239468,NATUSD
138,BEL,1952,1.239468,NATUSD
139,BEL,1953,1.239468,NATUSD
140,BEL,1954,1.239468,NATUSD
141,BEL,1955,1.239468,NATUSD
142,BEL,1956,1.239468,NATUSD
143,BEL,1957,1.239468,NATUSD
144,BEL,1958,1.239468,NATUSD
145,BEL,1959,1.239468,NATUSD
146,BEL,1960,1.239468,NATUSD
147,BEL,1961,1.239468,NATUSD
148,BEL,1962,1.239468,NATUSD
149,BEL,1963,1.239468,NATUSD
150,BEL,1964,1.239468,NATUSD
151,BEL,1965,1.239468,NATUSD
152,BEL,1966,1.239468,NATUSD
153,BEL,1967,1.239468,NATUSD
154,BEL,1968,1.239468,NATUSD
155,BEL,1969,1.239468,NATUSD
156,BEL,1970,1.239468,NATUSD
157,BEL,1971,1.216091,NATUSD
158,BEL,1972,1.091093,NATUSD
159,BEL,1973,0.966202,NATUSD
160,BEL,1974,0.9655819999999999,NATUSD
161,BEL,1975,0.911726,NATUSD
162,BEL,1976,0.956997,NATUSD
163,BEL,1977,0.8885190000000001,NATUSD
164,BEL,1978,0.780668,NATUSD
165,BEL,1979,0.726791,NATUSD
166,BEL,1980,0.724882,NATUSD
167,BEL,1981,0.9204100000000001,NATUSD
168,BEL,1982,1.1326399999999999,NATUSD
169,BEL,1983,1.267521,NATUSD
170,BEL,1984,1.432426,NATUSD
171,BEL,1985,1.471942,NATUSD
172,BEL,1986,1.1073879999999998,NATUSD
173,BEL,1987,0.9254879999999999,NATUSD
174,BEL,1988,0.9114629999999999,NATUSD
175,BEL,1989,0.9768,NATUSD
176,BEL,1990,0.8284090000000001,NATUSD
177,BEL,1991,0.846513,NATUSD
178,BEL,1992,0.7969649999999999,NATUSD
179,BEL,1993,0.857625,NATUSD
180,BEL,1994,0.829365,NATUSD
181,BEL,1995,0.730791,NATUSD
182,BEL,1996,0.767516,NATUSD
183,BEL,1997,0.886812,NATUSD
184,BEL,1998,0.8998200000000001,NATUSD
185,BEL,1999,0.938627,NATUSD
186,BEL,2000,1.085401,NATUSD
187,BEL,2001,1.11751,NATUSD
188,BEL,2002,1.062552,NATUSD
189,BEL,2003,0.886034,NATUSD
190,BEL,2004,0.805365,NATUSD
191,BEL,2005,0.80412,NATUSD
192,BEL,2006,0.797141,NATUSD
193,BEL,2007,0.730638,NATUSD
194,BEL,2008,0.682675,NATUSD
195,BEL,2009,0.719843,NATUSD
196,BEL,2010,0.755045,NATUSD
197,BEL,2011,0.719355,NATUSD
198,BEL,2012,0.7782939999999999,NATUSD
199,BEL,2013,0.753159,NATUSD
200,BEL,2014,0.753731,NATUSD
201,BEL,2015,0.901659,NATUSD
202,BEL,2016,0.904035,NATUSD
203,BEL,2017,0.8873969999999999,NATUSD
204,CAN,1950,1.089,NATUSD
205,CAN,1951,1.053,NATUSD
206,CAN,1952,0.9790000000000001,NATUSD
207,CAN,1953,0.983,NATUSD
208,CAN,1954,0.973,NATUSD
209,CAN,1955,0.986,NATUSD
210,CAN,1956,0.9840000000000001,NATUSD
211,CAN,1957,0.95885,NATUSD
212,CAN,1958,0.970608,NATUSD
213,CAN,1959,0.959117,NATUSD
214,CAN,1960,0.969783,NATUSD
215,CAN,1961,1.013067,NATUSD
216,CAN,1962,1.068767,NATUSD
217,CAN,1963,1.078508,NATUSD
218,CAN,1964,1.078608,NATUSD
219,CAN,1965,1.077983,NATUSD
220,CAN,1966,1.077317,NATUSD
221,CAN,1967,1.078708,NATUSD
222,CAN,1968,1.077475,NATUSD
223,CAN,1969,1.076775,NATUSD
224,CAN,1970,1.044915,NATUSD
225,CAN,1971,1.009792,NATUSD
226,CAN,1972,0.989933,NATUSD
227,CAN,1973,1.000083,NATUSD
228,CAN,1974,0.978033,NATUSD
229,CAN,1975,1.017158,NATUSD
230,CAN,1976,0.986025,NATUSD
231,CAN,1977,1.06345,NATUSD
232,CAN,1978,1.140675,NATUSD
233,CAN,1979,1.171425,NATUSD
234,CAN,1980,1.169217,NATUSD
235,CAN,1981,1.198908,NATUSD
236,CAN,1982,1.233733,NATUSD
237,CAN,1983,1.232417,NATUSD
238,CAN,1984,1.295067,NATUSD
239,CAN,1985,1.365483,NATUSD
240,CAN,1986,1.3895,NATUSD
241,CAN,1987,1.325992,NATUSD
242,CAN,1988,1.230708,NATUSD
243,CAN,1989,1.183992,NATUSD
244,CAN,1990,1.166775,NATUSD
245,CAN,1991,1.145717,NATUSD
246,CAN,1992,1.208725,NATUSD
247,CAN,1993,1.290074,NATUSD
248,CAN,1994,1.365638,NATUSD
249,CAN,1995,1.372441,NATUSD
250,CAN,1996,1.3634680000000001,NATUSD
251,CAN,1997,1.384617,NATUSD
252,CAN,1998,1.483463,NATUSD
253,CAN,1999,1.485732,NATUSD
254,CAN,2000,1.48511,NATUSD
255,CAN,2001,1.548761,NATUSD
256,CAN,2002,1.569318,NATUSD
257,CAN,2003,1.401052,NATUSD
258,CAN,2004,1.3010190000000001,NATUSD
259,CAN,2005,1.211763,NATUSD
260,CAN,2006,1.134363,NATUSD
261,CAN,2007,1.074099,NATUSD
262,CAN,2008,1.06704,NATUSD
263,CAN,2009,1.143101,NATUSD
264,CAN,2010,1.030163,NATUSD
265,CAN,2011,0.9895309999999999,NATUSD
266,CAN,2012,0.999188,NATUSD
267,CAN,2013,1.0297969999999999,NATUSD
268,CAN,2014,1.106105,NATUSD
269,CAN,2015,1.2790979999999998,NATUSD
270,CAN,2016,1.3254,NATUSD
271,CAN,2017,1.2977370000000001,NATUSD
272,CZE,1990,21.145,NATUSD
273,CZE,1991,27.92,NATUSD
274,CZE,1992,28.37,NATUSD
275,CZE,1993,29.152833,NATUSD
276,CZE,1994,28.785083,NATUSD
277,CZE,1995,26.540667,NATUSD
278,CZE,1996,27.144917,NATUSD
279,CZE,1997,31.698417,NATUSD
280,CZE,1998,32.281166999999996,NATUSD
281,CZE,1999,34.56925,NATUSD
282,CZE,2000,38.598417,NATUSD
283,CZE,2001,38.035328,NATUSD
284,CZE,2002,32.738518,NATUSD
285,CZE,2003,28.209,NATUSD
286,CZE,2004,25.69975,NATUSD
287,CZE,2005,23.957417,NATUSD
288,CZE,2006,22.595582999999998,NATUSD
289,CZE,2007,20.293667000000003,NATUSD
290,CZE,2008,17.071667,NATUSD
291,CZE,2009,19.063,NATUSD
292,CZE,2010,19.09825,NATUSD
293,CZE,2011,17.695917,NATUSD
294,CZE,2012,19.5775,NATUSD
295,CZE,2013,19.570583,NATUSD
296,CZE,2014,20.7575,NATUSD
297,CZE,2015,24.59875,NATUSD
298,CZE,2016,24.439917,NATUSD
299,CZE,2017,23.376333,NATUSD
300,DNK,1950,6.907139999999999,NATUSD
301,DNK,1951,6.907139999999999,NATUSD
302,DNK,1952,6.907139999999999,NATUSD
303,DNK,1953,6.907139999999999,NATUSD
304,DNK,1954,6.907139999999999,NATUSD
305,DNK,1955,6.907139999999999,NATUSD
306,DNK,1956,6.907139999999999,NATUSD
307,DNK,1957,6.907139999999999,NATUSD
308,DNK,1958,6.907139999999999,NATUSD
309,DNK,1959,6.907139999999999,NATUSD
310,DNK,1960,6.907139999999999,NATUSD
311,DNK,1961,6.907139999999999,NATUSD
312,DNK,1962,6.907139999999999,NATUSD
313,DNK,1963,6.907139999999999,NATUSD
314,DNK,1964,6.907139999999999,NATUSD
315,DNK,1965,6.907139999999999,NATUSD
316,DNK,1966,6.907139999999999,NATUSD
317,DNK,1967,6.956542,NATUSD
318,DNK,1968,7.5,NATUSD
319,DNK,1969,7.5,NATUSD
320,DNK,1970,7.5,NATUSD
321,DNK,1971,7.426338,NATUSD
322,DNK,1972,6.949292,NATUSD
323,DNK,1973,6.0495,NATUSD
324,DNK,1974,6.0949,NATUSD
325,DNK,1975,5.74615,NATUSD
326,DNK,1976,6.045025,NATUSD
327,DNK,1977,6.003191999999999,NATUSD
328,DNK,1978,5.514625,NATUSD
329,DNK,1979,5.2609580000000005,NATUSD
330,DNK,1980,5.635942,NATUSD
331,DNK,1981,7.123367,NATUSD
332,DNK,1982,8.332442,NATUSD
333,DNK,1983,9.144992,NATUSD
334,DNK,1984,10.356592,NATUSD
335,DNK,1985,10.596392,NATUSD
336,DNK,1986,8.090992,NATUSD
337,DNK,1987,6.840317,NATUSD
338,DNK,1988,6.731525,NATUSD
339,DNK,1989,7.310175,NATUSD
340,DNK,1990,6.1885580000000004,NATUSD
341,DNK,1991,6.396458,NATUSD
342,DNK,1992,6.036133,NATUSD
343,DNK,1993,6.483939,NATUSD
344,DNK,1994,6.360551999999999,NATUSD
345,DNK,1995,5.602367,NATUSD
346,DNK,1996,5.798672,NATUSD
347,DNK,1997,6.604458999999999,NATUSD
348,DNK,1998,6.700827,NATUSD
349,DNK,1999,6.97624,NATUSD
350,DNK,2000,8.083144,NATUSD
351,DNK,2001,8.322817,NATUSD
352,DNK,2002,7.894714,NATUSD
353,DNK,2003,6.587673,NATUSD
354,DNK,2004,5.991057,NATUSD
355,DNK,2005,5.99691,NATUSD
356,DNK,2006,5.946778,NATUSD
357,DNK,2007,5.443701,NATUSD
358,DNK,2008,5.0981309999999995,NATUSD
359,DNK,2009,5.360867,NATUSD
360,DNK,2010,5.624075,NATUSD
361,DNK,2011,5.368712,NATUSD
362,DNK,2012,5.792476000000001,NATUSD
363,DNK,2013,5.616312000000001,NATUSD
364,DNK,2014,5.612467,NATUSD
365,DNK,2015,6.727907000000001,NATUSD
366,DNK,2016,6.731717999999999,NATUSD
367,DNK,2017,6.602892999999999,NATUSD
368,FIN,1950,0.38851399999999997,NATUSD
369,FIN,1951,0.386832,NATUSD
370,FIN,1952,0.386832,NATUSD
371,FIN,1953,0.386832,NATUSD
372,FIN,1954,0.386832,NATUSD
373,FIN,1955,0.386832,NATUSD
374,FIN,1956,0.386832,NATUSD
375,FIN,1957,0.424675,NATUSD
376,FIN,1958,0.538201,NATUSD
377,FIN,1959,0.538201,NATUSD
378,FIN,1960,0.538201,NATUSD
379,FIN,1961,0.538201,NATUSD
380,FIN,1962,0.538201,NATUSD
381,FIN,1963,0.538201,NATUSD
382,FIN,1964,0.538201,NATUSD
383,FIN,1965,0.538201,NATUSD
384,FIN,1966,0.538201,NATUSD
385,FIN,1967,0.5802470000000001,NATUSD
386,FIN,1968,0.706384,NATUSD
387,FIN,1969,0.706384,NATUSD
388,FIN,1970,0.706384,NATUSD
389,FIN,1971,0.703769,NATUSD
390,FIN,1972,0.6973630000000001,NATUSD
391,FIN,1973,0.642674,NATUSD
392,FIN,1974,0.634699,NATUSD
393,FIN,1975,0.618707,NATUSD
394,FIN,1976,0.649948,NATUSD
395,FIN,1977,0.6776989999999999,NATUSD
396,FIN,1978,0.6924859999999999,NATUSD
397,FIN,1979,0.655148,NATUSD
398,FIN,1980,0.627355,NATUSD
399,FIN,1981,0.725773,NATUSD
400,FIN,1982,0.810736,NATUSD
401,FIN,1983,0.9368209999999999,NATUSD
402,FIN,1984,1.010809,NATUSD
403,FIN,1985,1.042411,NATUSD
404,FIN,1986,0.852632,NATUSD
405,FIN,1987,0.7392810000000001,NATUSD
406,FIN,1988,0.7035020000000001,NATUSD
407,FIN,1989,0.721731,NATUSD
408,FIN,1990,0.643067,NATUSD
409,FIN,1991,0.680148,NATUSD
410,FIN,1992,0.7533880000000001,NATUSD
411,FIN,1993,0.9607379999999999,NATUSD
412,FIN,1994,0.878532,NATUSD
413,FIN,1995,0.734421,NATUSD
414,FIN,1996,0.77258,NATUSD
415,FIN,1997,0.873137,NATUSD
416,FIN,1998,0.898807,NATUSD
417,FIN,1999,0.938627,NATUSD
418,FIN,2000,1.085401,NATUSD
419,FIN,2001,1.11751,NATUSD
420,FIN,2002,1.062552,NATUSD
421,FIN,2003,0.886034,NATUSD
422,FIN,2004,0.805365,NATUSD
423,FIN,2005,0.80412,NATUSD
424,FIN,2006,0.797141,NATUSD
425,FIN,2007,0.730638,NATUSD
426,FIN,2008,0.682675,NATUSD
427,FIN,2009,0.719843,NATUSD
428,FIN,2010,0.755045,NATUSD
429,FIN,2011,0.719355,NATUSD
430,FIN,2012,0.7782939999999999,NATUSD
431,FIN,2013,0.753159,NATUSD
432,FIN,2014,0.753731,NATUSD
433,FIN,2015,0.901659,NATUSD
434,FIN,2016,0.904035,NATUSD
435,FIN,2017,0.8873969999999999,NATUSD
436,FRA,1950,0.533084,NATUSD
437,FRA,1951,0.533511,NATUSD
438,FRA,1952,0.5335260000000001,NATUSD
439,FRA,1953,0.533511,NATUSD
440,FRA,1954,0.5335260000000001,NATUSD
441,FRA,1955,0.5335260000000001,NATUSD
442,FRA,1956,0.533251,NATUSD
443,FRA,1957,0.551318,NATUSD
444,FRA,1958,0.639863,NATUSD
445,FRA,1959,0.75265,NATUSD
446,FRA,1960,0.75265,NATUSD
447,FRA,1961,0.75265,NATUSD
448,FRA,1962,0.75265,NATUSD
449,FRA,1963,0.75265,NATUSD
450,FRA,1964,0.75265,NATUSD
451,FRA,1965,0.75265,NATUSD
452,FRA,1966,0.75265,NATUSD
453,FRA,1967,0.75265,NATUSD
454,FRA,1968,0.75265,NATUSD
455,FRA,1969,0.79185,NATUSD
456,FRA,1970,0.8467309999999999,NATUSD
457,FRA,1971,0.844659,NATUSD
458,FRA,1972,0.7690359999999999,NATUSD
459,FRA,1973,0.678822,NATUSD
460,FRA,1974,0.733222,NATUSD
461,FRA,1975,0.653671,NATUSD
462,FRA,1976,0.732194,NATUSD
463,FRA,1977,0.747789,NATUSD
464,FRA,1978,0.688018,NATUSD
465,FRA,1979,0.648582,NATUSD
466,FRA,1980,0.644185,NATUSD
467,FRA,1981,0.828501,NATUSD
468,FRA,1982,1.00191,NATUSD
469,FRA,1983,1.161858,NATUSD
470,FRA,1984,1.332267,NATUSD
471,FRA,1985,1.369789,NATUSD
472,FRA,1986,1.055876,NATUSD
473,FRA,1987,0.916327,NATUSD
474,FRA,1988,0.9081299999999999,NATUSD
475,FRA,1989,0.9726459999999999,NATUSD
476,FRA,1990,0.8301270000000001,NATUSD
477,FRA,1991,0.860135,NATUSD
478,FRA,1992,0.807037,NATUSD
479,FRA,1993,0.8633540000000001,NATUSD
480,FRA,1994,0.846404,NATUSD
481,FRA,1995,0.760947,NATUSD
482,FRA,1996,0.779856,NATUSD
483,FRA,1997,0.889798,NATUSD
484,FRA,1998,0.899375,NATUSD
485,FRA,1999,0.938627,NATUSD
486,FRA,2000,1.085401,NATUSD
487,FRA,2001,1.11751,NATUSD
488,FRA,2002,1.062552,NATUSD
489,FRA,2003,0.886034,NATUSD
490,FRA,2004,0.805365,NATUSD
491,FRA,2005,0.80412,NATUSD
492,FRA,2006,0.797141,NATUSD
493,FRA,2007,0.730638,NATUSD
494,FRA,2008,0.682675,NATUSD
495,FRA,2009,0.719843,NATUSD
496,FRA,2010,0.755045,NATUSD
497,FRA,2011,0.719355,NATUSD
498,FRA,2012,0.7782939999999999,NATUSD
499,FRA,2013,0.753159,NATUSD
500,FRA,2014,0.753731,NATUSD
501,FRA,2015,0.901659,NATUSD
502,FRA,2016,0.904035,NATUSD
503,FRA,2017,0.8873969999999999,NATUSD
504,DEU,1950,2.144861,NATUSD
505,DEU,1951,2.144861,NATUSD
506,DEU,1952,2.144861,NATUSD
507,DEU,1953,2.147426,NATUSD
508,DEU,1954,2.147426,NATUSD
509,DEU,1955,2.147426,NATUSD
510,DEU,1956,2.147426,NATUSD
511,DEU,1957,2.147426,NATUSD
512,DEU,1958,2.147426,NATUSD
513,DEU,1959,2.147426,NATUSD
514,DEU,1960,2.147426,NATUSD
515,DEU,1961,2.062211,NATUSD
516,DEU,1962,2.045168,NATUSD
517,DEU,1963,2.045168,NATUSD
518,DEU,1964,2.045168,NATUSD
519,DEU,1965,2.045168,NATUSD
520,DEU,1966,2.045168,NATUSD
521,DEU,1967,2.045168,NATUSD
522,DEU,1968,2.045168,NATUSD
523,DEU,1969,2.016194,NATUSD
524,DEU,1970,1.8713279999999999,NATUSD
525,DEU,1971,1.793302,NATUSD
526,DEU,1972,1.630327,NATUSD
527,DEU,1973,1.366479,NATUSD
528,DEU,1974,1.3230959999999998,NATUSD
529,DEU,1975,1.257927,NATUSD
530,DEU,1976,1.287433,NATUSD
531,DEU,1977,1.1873129999999998,NATUSD
532,DEU,1978,1.026994,NATUSD
533,DEU,1979,0.9371379999999999,NATUSD
534,DEU,1980,0.929358,NATUSD
535,DEU,1981,1.15552,NATUSD
536,DEU,1982,1.240697,NATUSD
537,DEU,1983,1.30546,NATUSD
538,DEU,1984,1.455107,NATUSD
539,DEU,1985,1.505226,NATUSD
540,DEU,1986,1.110262,NATUSD
541,DEU,1987,0.918992,NATUSD
542,DEU,1988,0.8979440000000001,NATUSD
543,DEU,1989,0.96125,NATUSD
544,DEU,1990,0.826111,NATUSD
545,DEU,1991,0.84851,NATUSD
546,DEU,1992,0.798459,NATUSD
547,DEU,1993,0.8453299999999999,NATUSD
548,DEU,1994,0.8297209999999999,NATUSD
549,DEU,1995,0.732749,NATUSD
550,DEU,1996,0.769379,NATUSD
551,DEU,1997,0.886609,NATUSD
552,DEU,1998,0.8997040000000001,NATUSD
553,DEU,1999,0.938627,NATUSD
554,DEU,2000,1.085401,NATUSD
555,DEU,2001,1.11751,NATUSD
556,DEU,2002,1.062552,NATUSD
557,DEU,2003,0.886034,NATUSD
558,DEU,2004,0.805365,NATUSD
559,DEU,2005,0.80412,NATUSD
560,DEU,2006,0.797141,NATUSD
561,DEU,2007,0.730638,NATUSD
562,DEU,2008,0.682675,NATUSD
563,DEU,2009,0.719843,NATUSD
564,DEU,2010,0.755045,NATUSD
565,DEU,2011,0.719355,NATUSD
566,DEU,2012,0.7782939999999999,NATUSD
567,DEU,2013,0.753159,NATUSD
568,DEU,2014,0.753731,NATUSD
569,DEU,2015,0.901659,NATUSD
570,DEU,2016,0.904035,NATUSD
571,DEU,2017,0.8873969999999999,NATUSD
572,GRC,1950,0.04402,NATUSD
573,GRC,1951,0.04402,NATUSD
574,GRC,1952,0.04402,NATUSD
575,GRC,1953,0.0773,NATUSD
576,GRC,1954,0.088042,NATUSD
577,GRC,1955,0.088042,NATUSD
578,GRC,1956,0.088042,NATUSD
579,GRC,1957,0.088042,NATUSD
580,GRC,1958,0.088042,NATUSD
581,GRC,1959,0.088042,NATUSD
582,GRC,1960,0.088042,NATUSD
583,GRC,1961,0.088041,NATUSD
584,GRC,1962,0.088041,NATUSD
585,GRC,1963,0.088041,NATUSD
586,GRC,1964,0.088041,NATUSD
587,GRC,1965,0.088041,NATUSD
588,GRC,1966,0.088041,NATUSD
589,GRC,1967,0.088041,NATUSD
590,GRC,1968,0.088041,NATUSD
591,GRC,1969,0.088041,NATUSD
592,GRC,1970,0.088041,NATUSD
593,GRC,1971,0.088041,NATUSD
594,GRC,1972,0.088042,NATUSD
595,GRC,1973,0.08694099999999999,NATUSD
596,GRC,1974,0.088042,NATUSD
597,GRC,1975,0.094061,NATUSD
598,GRC,1976,0.10716800000000001,NATUSD
599,GRC,1977,0.10811,NATUSD
600,GRC,1978,0.10783699999999999,NATUSD
601,GRC,1979,0.108697,NATUSD
602,GRC,1980,0.125067,NATUSD
603,GRC,1981,0.162607,NATUSD
604,GRC,1982,0.196047,NATUSD
605,GRC,1983,0.258442,NATUSD
606,GRC,1984,0.33079000000000003,NATUSD
607,GRC,1985,0.40533800000000003,NATUSD
608,GRC,1986,0.410803,NATUSD
609,GRC,1987,0.397445,NATUSD
610,GRC,1988,0.416318,NATUSD
611,GRC,1989,0.47664399999999996,NATUSD
612,GRC,1990,0.46519099999999997,NATUSD
613,GRC,1991,0.534898,NATUSD
614,GRC,1992,0.559426,NATUSD
615,GRC,1993,0.67278,NATUSD
616,GRC,1994,0.711967,NATUSD
617,GRC,1995,0.6798609999999999,NATUSD
618,GRC,1996,0.706417,NATUSD
619,GRC,1997,0.801344,NATUSD
620,GRC,1998,0.86729,NATUSD
621,GRC,1999,0.896982,NATUSD
622,GRC,2000,1.072336,NATUSD
623,GRC,2001,1.11751,NATUSD
624,GRC,2002,1.062552,NATUSD
625,GRC,2003,0.886034,NATUSD
626,GRC,2004,0.805365,NATUSD
627,GRC,2005,0.80412,NATUSD
628,GRC,2006,0.797141,NATUSD
629,GRC,2007,0.730638,NATUSD
630,GRC,2008,0.682675,NATUSD
631,GRC,2009,0.719843,NATUSD
632,GRC,2010,0.755045,NATUSD
633,GRC,2011,0.719355,NATUSD
634,GRC,2012,0.7782939999999999,NATUSD
635,GRC,2013,0.753159,NATUSD
636,GRC,2014,0.753731,NATUSD
637,GRC,2015,0.901659,NATUSD
638,GRC,2016,0.904035,NATUSD
639,GRC,2017,0.8873969999999999,NATUSD
640,HUN,1968,60.0,NATUSD
641,HUN,1969,60.0,NATUSD
642,HUN,1970,60.0,NATUSD
643,HUN,1971,59.821617,NATUSD
644,HUN,1972,55.26,NATUSD
645,HUN,1973,48.966225,NATUSD
646,HUN,1974,46.7524,NATUSD
647,HUN,1975,43.971383,NATUSD
648,HUN,1976,41.575267,NATUSD
649,HUN,1977,40.96075,NATUSD
650,HUN,1978,37.91135,NATUSD
651,HUN,1979,35.578,NATUSD
652,HUN,1980,32.532283,NATUSD
653,HUN,1981,34.314292,NATUSD
654,HUN,1982,36.63055,NATUSD
655,HUN,1983,42.67115,NATUSD
656,HUN,1984,48.042208,NATUSD
657,HUN,1985,50.1194,NATUSD
658,HUN,1986,45.83215,NATUSD
659,HUN,1987,46.970542,NATUSD
660,HUN,1988,50.413208000000004,NATUSD
661,HUN,1989,59.066342000000006,NATUSD
662,HUN,1990,63.205867000000005,NATUSD
663,HUN,1991,74.735383,NATUSD
664,HUN,1992,78.988392,NATUSD
665,HUN,1993,91.933183,NATUSD
666,HUN,1994,105.160458,NATUSD
667,HUN,1995,125.681425,NATUSD
668,HUN,1996,152.64666699999998,NATUSD
669,HUN,1997,186.789167,NATUSD
670,HUN,1998,214.401667,NATUSD
671,HUN,1999,237.145833,NATUSD
672,HUN,2000,282.179167,NATUSD
673,HUN,2001,286.49,NATUSD
674,HUN,2002,257.886667,NATUSD
675,HUN,2003,224.306667,NATUSD
676,HUN,2004,202.745833,NATUSD
677,HUN,2005,199.5825,NATUSD
678,HUN,2006,210.39,NATUSD
679,HUN,2007,183.625833,NATUSD
680,HUN,2008,172.113333,NATUSD
681,HUN,2009,202.341667,NATUSD
682,HUN,2010,207.944167,NATUSD
683,HUN,2011,201.055,NATUSD
684,HUN,2012,225.104167,NATUSD
685,HUN,2013,223.695,NATUSD
686,HUN,2014,232.601667,NATUSD
687,HUN,2015,279.3325,NATUSD
688,HUN,2016,281.523333,NATUSD
689,HUN,2017,274.433333,NATUSD
690,ISL,1950,0.1629,NATUSD
691,ISL,1951,0.1629,NATUSD
692,ISL,1952,0.1629,NATUSD
693,ISL,1953,0.1629,NATUSD
694,ISL,1954,0.1629,NATUSD
695,ISL,1955,0.1629,NATUSD
696,ISL,1956,0.1629,NATUSD
697,ISL,1957,0.162857,NATUSD
698,ISL,1958,0.162857,NATUSD
699,ISL,1959,0.162857,NATUSD
700,ISL,1960,0.36190500000000003,NATUSD
701,ISL,1961,0.400833,NATUSD
702,ISL,1962,0.43,NATUSD
703,ISL,1963,0.43,NATUSD
704,ISL,1964,0.43,NATUSD
705,ISL,1965,0.43,NATUSD
706,ISL,1966,0.43,NATUSD
707,ISL,1967,0.44166700000000003,NATUSD
708,ISL,1968,0.621667,NATUSD
709,ISL,1969,0.88,NATUSD
710,ISL,1970,0.88,NATUSD
711,ISL,1971,0.88,NATUSD
712,ISL,1972,0.882604,NATUSD
713,ISL,1973,0.901342,NATUSD
714,ISL,1974,0.999517,NATUSD
715,ISL,1975,1.53695,NATUSD
716,ISL,1976,1.8217169999999998,NATUSD
717,ISL,1977,1.9887,NATUSD
718,ISL,1978,2.7111080000000003,NATUSD
719,ISL,1979,3.5260000000000002,NATUSD
720,ISL,1980,4.797642,NATUSD
721,ISL,1981,7.224183,NATUSD
722,ISL,1982,12.351533,NATUSD
723,ISL,1983,24.842767000000002,NATUSD
724,ISL,1984,31.693741999999997,NATUSD
725,ISL,1985,41.507667,NATUSD
726,ISL,1986,41.104158,NATUSD
727,ISL,1987,38.677183,NATUSD
728,ISL,1988,43.013983,NATUSD
729,ISL,1989,57.041792,NATUSD
730,ISL,1990,58.283775,NATUSD
731,ISL,1991,58.996342000000006,NATUSD
732,ISL,1992,57.545933,NATUSD
733,ISL,1993,67.60318199999999,NATUSD
734,ISL,1994,69.944378,NATUSD
735,ISL,1995,64.69166700000001,NATUSD
736,ISL,1996,66.5,NATUSD
737,ISL,1997,70.904291,NATUSD
738,ISL,1998,70.958333,NATUSD
739,ISL,1999,72.33529300000001,NATUSD
740,ISL,2000,78.61594699999999,NATUSD
741,ISL,2001,97.424603,NATUSD
742,ISL,2002,91.66166700000001,NATUSD
743,ISL,2003,76.70898299999999,NATUSD
744,ISL,2004,70.19166700000001,NATUSD
745,ISL,2005,62.981667,NATUSD
746,ISL,2006,70.18,NATUSD
747,ISL,2007,64.055,NATUSD
748,ISL,2008,87.947917,NATUSD
749,ISL,2009,123.63838100000001,NATUSD
750,ISL,2010,122.24181100000001,NATUSD
751,ISL,2011,115.95403999999999,NATUSD
752,ISL,2012,125.08278700000001,NATUSD
753,ISL,2013,122.179121,NATUSD
754,ISL,2014,116.767353,NATUSD
755,ISL,2015,131.918708,NATUSD
756,ISL,2016,120.811548,NATUSD
757,ISL,2017,106.84403999999999,NATUSD
758,IRL,1950,0.453478,NATUSD
759,IRL,1951,0.453478,NATUSD
760,IRL,1952,0.453478,NATUSD
761,IRL,1953,0.453478,NATUSD
762,IRL,1954,0.453478,NATUSD
763,IRL,1955,0.453478,NATUSD
764,IRL,1956,0.453478,NATUSD
765,IRL,1957,0.453478,NATUSD
766,IRL,1958,0.453478,NATUSD
767,IRL,1959,0.453478,NATUSD
768,IRL,1960,0.453478,NATUSD
769,IRL,1961,0.453478,NATUSD
770,IRL,1962,0.453478,NATUSD
771,IRL,1963,0.453478,NATUSD
772,IRL,1964,0.453478,NATUSD
773,IRL,1965,0.453478,NATUSD
774,IRL,1966,0.453478,NATUSD
775,IRL,1967,0.459776,NATUSD
776,IRL,1968,0.529058,NATUSD
777,IRL,1969,0.529058,NATUSD
778,IRL,1970,0.529058,NATUSD
779,IRL,1971,0.5217609999999999,NATUSD
780,IRL,1972,0.508391,NATUSD
781,IRL,1973,0.51827,NATUSD
782,IRL,1974,0.543139,NATUSD
783,IRL,1975,0.573974,NATUSD
784,IRL,1976,0.706622,NATUSD
785,IRL,1977,0.727905,NATUSD
786,IRL,1978,0.6621739999999999,NATUSD
787,IRL,1979,0.620388,NATUSD
788,IRL,1980,0.617912,NATUSD
789,IRL,1981,0.788886,NATUSD
790,IRL,1982,0.894609,NATUSD
791,IRL,1983,1.02173,NATUSD
792,IRL,1984,1.171401,NATUSD
793,IRL,1985,1.200683,NATUSD
794,IRL,1986,0.943578,NATUSD
795,IRL,1987,0.8544280000000001,NATUSD
796,IRL,1988,0.833542,NATUSD
797,IRL,1989,0.895855,NATUSD
798,IRL,1990,0.7676689999999999,NATUSD
799,IRL,1991,0.7888850000000001,NATUSD
800,IRL,1992,0.746252,NATUSD
801,IRL,1993,0.859929,NATUSD
802,IRL,1994,0.848983,NATUSD
803,IRL,1995,0.791978,NATUSD
804,IRL,1996,0.793622,NATUSD
805,IRL,1997,0.8375739999999999,NATUSD
806,IRL,1998,0.8917,NATUSD
807,IRL,1999,0.938627,NATUSD
808,IRL,2000,1.085401,NATUSD
809,IRL,2001,1.11751,NATUSD
810,IRL,2002,1.062552,NATUSD
811,IRL,2003,0.886034,NATUSD
812,IRL,2004,0.805365,NATUSD
813,IRL,2005,0.80412,NATUSD
814,IRL,2006,0.797141,NATUSD
815,IRL,2007,0.730638,NATUSD
816,IRL,2008,0.682675,NATUSD
817,IRL,2009,0.719843,NATUSD
818,IRL,2010,0.755045,NATUSD
819,IRL,2011,0.719355,NATUSD
820,IRL,2012,0.7782939999999999,NATUSD
821,IRL,2013,0.753159,NATUSD
822,IRL,2014,0.753731,NATUSD
823,IRL,2015,0.901659,NATUSD
824,IRL,2016,0.904035,NATUSD
825,IRL,2017,0.8873969999999999,NATUSD
826,ITA,1950,0.32258400000000004,NATUSD
827,ITA,1951,0.322786,NATUSD
828,ITA,1952,0.322786,NATUSD
829,ITA,1953,0.322786,NATUSD
830,ITA,1954,0.322786,NATUSD
831,ITA,1955,0.322786,NATUSD
832,ITA,1956,0.322786,NATUSD
833,ITA,1957,0.322786,NATUSD
834,ITA,1958,0.322651,NATUSD
835,ITA,1959,0.320764,NATUSD
836,ITA,1960,0.322262,NATUSD
837,ITA,1961,0.322786,NATUSD
838,ITA,1962,0.322786,NATUSD
839,ITA,1963,0.322786,NATUSD
840,ITA,1964,0.322786,NATUSD
841,ITA,1965,0.322786,NATUSD
842,ITA,1966,0.322786,NATUSD
843,ITA,1967,0.322786,NATUSD
844,ITA,1968,0.322786,NATUSD
845,ITA,1969,0.322786,NATUSD
846,ITA,1970,0.322786,NATUSD
847,ITA,1971,0.320389,NATUSD
848,ITA,1972,0.301207,NATUSD
849,ITA,1973,0.301092,NATUSD
850,ITA,1974,0.335874,NATUSD
851,ITA,1975,0.33716799999999997,NATUSD
852,ITA,1976,0.42986499999999994,NATUSD
853,ITA,1977,0.455716,NATUSD
854,ITA,1978,0.43829799999999997,NATUSD
855,ITA,1979,0.429104,NATUSD
856,ITA,1980,0.44231800000000004,NATUSD
857,ITA,1981,0.58709,NATUSD
858,ITA,1982,0.698513,NATUSD
859,ITA,1983,0.78442,NATUSD
860,ITA,1984,0.9073950000000001,NATUSD
861,ITA,1985,0.986143,NATUSD
862,ITA,1986,0.769939,NATUSD
863,ITA,1987,0.6693640000000001,NATUSD
864,ITA,1988,0.672235,NATUSD
865,ITA,1989,0.708627,NATUSD
866,ITA,1990,0.618768,NATUSD
867,ITA,1991,0.6407229999999999,NATUSD
868,ITA,1992,0.636484,NATUSD
869,ITA,1993,0.8127310000000001,NATUSD
870,ITA,1994,0.832758,NATUSD
871,ITA,1995,0.841274,NATUSD
872,ITA,1996,0.796866,NATUSD
873,ITA,1997,0.879576,NATUSD
874,ITA,1998,0.896676,NATUSD
875,ITA,1999,0.938627,NATUSD
876,ITA,2000,1.085401,NATUSD
877,ITA,2001,1.11751,NATUSD
878,ITA,2002,1.062552,NATUSD
879,ITA,2003,0.886034,NATUSD
880,ITA,2004,0.805365,NATUSD
881,ITA,2005,0.80412,NATUSD
882,ITA,2006,0.797141,NATUSD
883,ITA,2007,0.730638,NATUSD
884,ITA,2008,0.682675,NATUSD
885,ITA,2009,0.719843,NATUSD
886,ITA,2010,0.755045,NATUSD
887,ITA,2011,0.719355,NATUSD
888,ITA,2012,0.7782939999999999,NATUSD
889,ITA,2013,0.753159,NATUSD
890,ITA,2014,0.753731,NATUSD
891,ITA,2015,0.901659,NATUSD
892,ITA,2016,0.904035,NATUSD
893,ITA,2017,0.8873969999999999,NATUSD
894,JPN,1950,361.1,NATUSD
895,JPN,1951,361.1,NATUSD
896,JPN,1952,361.1,NATUSD
897,JPN,1953,360.0,NATUSD
898,JPN,1954,360.0,NATUSD
899,JPN,1955,360.0,NATUSD
900,JPN,1956,360.0,NATUSD
901,JPN,1957,360.0,NATUSD
902,JPN,1958,360.0,NATUSD
903,JPN,1959,360.0,NATUSD
904,JPN,1960,360.0,NATUSD
905,JPN,1961,360.0,NATUSD
906,JPN,1962,360.0,NATUSD
907,JPN,1963,360.0,NATUSD
908,JPN,1964,360.0,NATUSD
909,JPN,1965,360.0,NATUSD
910,JPN,1966,360.0,NATUSD
911,JPN,1967,360.0,NATUSD
912,JPN,1968,360.0,NATUSD
913,JPN,1969,360.0,NATUSD
914,JPN,1970,360.0,NATUSD
915,JPN,1971,350.677694,NATUSD
916,JPN,1972,303.1725,NATUSD
917,JPN,1973,271.701667,NATUSD
918,JPN,1974,292.0825,NATUSD
919,JPN,1975,296.7875,NATUSD
920,JPN,1976,296.5525,NATUSD
921,JPN,1977,268.51,NATUSD
922,JPN,1978,210.441667,NATUSD
923,JPN,1979,219.14,NATUSD
924,JPN,1980,226.740833,NATUSD
925,JPN,1981,220.535833,NATUSD
926,JPN,1982,249.076667,NATUSD
927,JPN,1983,237.511667,NATUSD
928,JPN,1984,237.5225,NATUSD
929,JPN,1985,238.535833,NATUSD
930,JPN,1986,168.519833,NATUSD
931,JPN,1987,144.6375,NATUSD
932,JPN,1988,128.151667,NATUSD
933,JPN,1989,137.964417,NATUSD
934,JPN,1990,144.7925,NATUSD
935,JPN,1991,134.70666699999998,NATUSD
936,JPN,1992,126.65133300000001,NATUSD
937,JPN,1993,111.19778600000001,NATUSD
938,JPN,1994,102.207806,NATUSD
939,JPN,1995,94.059579,NATUSD
940,JPN,1996,108.77905700000001,NATUSD
941,JPN,1997,120.99086299999999,NATUSD
942,JPN,1998,130.905301,NATUSD
943,JPN,1999,113.906805,NATUSD
944,JPN,2000,107.765498,NATUSD
945,JPN,2001,121.528948,NATUSD
946,JPN,2002,125.388019,NATUSD
947,JPN,2003,115.93346399999999,NATUSD
948,JPN,2004,108.19256899999999,NATUSD
949,JPN,2005,110.21821200000001,NATUSD
950,JPN,2006,116.29931200000001,NATUSD
951,JPN,2007,117.753529,NATUSD
952,JPN,2008,103.359494,NATUSD
953,JPN,2009,93.570089,NATUSD
954,JPN,2010,87.779875,NATUSD
955,JPN,2011,79.80702,NATUSD
956,JPN,2012,79.79045500000001,NATUSD
957,JPN,2013,97.595658,NATUSD
958,JPN,2014,105.944781,NATUSD
959,JPN,2015,121.044026,NATUSD
960,JPN,2016,108.7929,NATUSD
961,JPN,2017,112.166141,NATUSD
962,KOR,1950,2.5,NATUSD
963,KOR,1951,6.0,NATUSD
964,KOR,1952,6.0,NATUSD
965,KOR,1953,18.0,NATUSD
966,KOR,1954,18.0,NATUSD
967,KOR,1955,50.0,NATUSD
968,KOR,1956,50.0,NATUSD
969,KOR,1957,50.0,NATUSD
970,KOR,1958,50.0,NATUSD
971,KOR,1959,50.0,NATUSD
972,KOR,1960,63.125,NATUSD
973,KOR,1961,124.79166699999999,NATUSD
974,KOR,1962,130.0,NATUSD
975,KOR,1963,130.0,NATUSD
976,KOR,1964,213.846667,NATUSD
977,KOR,1965,266.40083300000003,NATUSD
978,KOR,1966,271.3375,NATUSD
979,KOR,1967,270.516667,NATUSD
980,KOR,1968,276.645,NATUSD
981,KOR,1969,288.160833,NATUSD
982,KOR,1970,310.555833,NATUSD
983,KOR,1971,347.1475,NATUSD
984,KOR,1972,392.894167,NATUSD
985,KOR,1973,398.321667,NATUSD
986,KOR,1974,404.4725,NATUSD
987,KOR,1975,484.0,NATUSD
988,KOR,1976,484.0,NATUSD
989,KOR,1977,484.0,NATUSD
990,KOR,1978,484.0,NATUSD
991,KOR,1979,484.0,NATUSD
992,KOR,1980,607.4325,NATUSD
993,KOR,1981,681.028333,NATUSD
994,KOR,1982,731.084167,NATUSD
995,KOR,1983,775.748333,NATUSD
996,KOR,1984,805.975833,NATUSD
997,KOR,1985,870.02,NATUSD
998,KOR,1986,881.454167,NATUSD
999,KOR,1987,822.5675,NATUSD
1000,KOR,1988,731.468333,NATUSD
1001,KOR,1989,671.455833,NATUSD
1002,KOR,1990,707.764167,NATUSD
1003,KOR,1991,733.353333,NATUSD
1004,KOR,1992,780.650833,NATUSD
1005,KOR,1993,802.670833,NATUSD
1006,KOR,1994,803.445833,NATUSD
1007,KOR,1995,771.273333,NATUSD
1008,KOR,1996,804.453333,NATUSD
1009,KOR,1997,951.289167,NATUSD
1010,KOR,1998,1401.436667,NATUSD
1011,KOR,1999,1188.816667,NATUSD
1012,KOR,2000,1130.9575,NATUSD
1013,KOR,2001,1290.994583,NATUSD
1014,KOR,2002,1251.088333,NATUSD
1015,KOR,2003,1191.614167,NATUSD
1016,KOR,2004,1145.3191669999999,NATUSD
1017,KOR,2005,1024.116667,NATUSD
1018,KOR,2006,954.790516,NATUSD
1019,KOR,2007,929.257262,NATUSD
1020,KOR,2008,1102.046667,NATUSD
1021,KOR,2009,1276.93,NATUSD
1022,KOR,2010,1156.0609880000002,NATUSD
1023,KOR,2011,1108.292125,NATUSD
1024,KOR,2012,1126.470826,NATUSD
1025,KOR,2013,1094.852917,NATUSD
1026,KOR,2014,1052.960833,NATUSD
1027,KOR,2015,1131.1575,NATUSD
1028,KOR,2016,1160.433435,NATUSD
1029,KOR,2017,1130.4246210000001,NATUSD
1030,LUX,1950,1.239468,NATUSD
1031,LUX,1951,1.239468,NATUSD
1032,LUX,1952,1.239468,NATUSD
1033,LUX,1953,1.239468,NATUSD
1034,LUX,1954,1.239468,NATUSD
1035,LUX,1955,1.239468,NATUSD
1036,LUX,1956,1.239468,NATUSD
1037,LUX,1957,1.239468,NATUSD
1038,LUX,1958,1.239468,NATUSD
1039,LUX,1959,1.239468,NATUSD
1040,LUX,1960,1.239468,NATUSD
1041,LUX,1961,1.239468,NATUSD
1042,LUX,1962,1.239468,NATUSD
1043,LUX,1963,1.239468,NATUSD
1044,LUX,1964,1.239468,NATUSD
1045,LUX,1965,1.239468,NATUSD
1046,LUX,1966,1.239468,NATUSD
1047,LUX,1967,1.239468,NATUSD
1048,LUX,1968,1.239468,NATUSD
1049,LUX,1969,1.239468,NATUSD
1050,LUX,1970,1.239468,NATUSD
1051,LUX,1971,1.216091,NATUSD
1052,LUX,1972,1.091093,NATUSD
1053,LUX,1973,0.966202,NATUSD
1054,LUX,1974,0.9655819999999999,NATUSD
1055,LUX,1975,0.911726,NATUSD
1056,LUX,1976,0.956997,NATUSD
1057,LUX,1977,0.8885190000000001,NATUSD
1058,LUX,1978,0.780668,NATUSD
1059,LUX,1979,0.726791,NATUSD
1060,LUX,1980,0.724882,NATUSD
1061,LUX,1981,0.9204100000000001,NATUSD
1062,LUX,1982,1.1326399999999999,NATUSD
1063,LUX,1983,1.267521,NATUSD
1064,LUX,1984,1.432426,NATUSD
1065,LUX,1985,1.471942,NATUSD
1066,LUX,1986,1.1073879999999998,NATUSD
1067,LUX,1987,0.9254879999999999,NATUSD
1068,LUX,1988,0.9114629999999999,NATUSD
1069,LUX,1989,0.9768,NATUSD
1070,LUX,1990,0.8284090000000001,NATUSD
1071,LUX,1991,0.846513,NATUSD
1072,LUX,1992,0.7969649999999999,NATUSD
1073,LUX,1993,0.857625,NATUSD
1074,LUX,1994,0.829365,NATUSD
1075,LUX,1995,0.730791,NATUSD
1076,LUX,1996,0.767516,NATUSD
1077,LUX,1997,0.886812,NATUSD
1078,LUX,1998,0.8998200000000001,NATUSD
1079,LUX,1999,0.938627,NATUSD
1080,LUX,2000,1.085401,NATUSD
1081,LUX,2001,1.11751,NATUSD
1082,LUX,2002,1.062552,NATUSD
1083,LUX,2003,0.886034,NATUSD
1084,LUX,2004,0.805365,NATUSD
1085,LUX,2005,0.80412,NATUSD
1086,LUX,2006,0.797141,NATUSD
1087,LUX,2007,0.730638,NATUSD
1088,LUX,2008,0.682675,NATUSD
1089,LUX,2009,0.719843,NATUSD
1090,LUX,2010,0.755045,NATUSD
1091,LUX,2011,0.719355,NATUSD
1092,LUX,2012,0.7782939999999999,NATUSD
1093,LUX,2013,0.753159,NATUSD
1094,LUX,2014,0.753731,NATUSD
1095,LUX,2015,0.901659,NATUSD
1096,LUX,2016,0.904035,NATUSD
1097,LUX,2017,0.8873969999999999,NATUSD
1098,MEX,1950,8.65,NATUSD
1099,MEX,1951,8.65,NATUSD
1100,MEX,1952,8.65,NATUSD
1101,MEX,1953,8.65,NATUSD
1102,MEX,1954,12.5,NATUSD
1103,MEX,1955,12.5,NATUSD
1104,MEX,1956,12.5,NATUSD
1105,MEX,1957,0.0125,NATUSD
1106,MEX,1958,0.0125,NATUSD
1107,MEX,1959,0.0125,NATUSD
1108,MEX,1960,0.0125,NATUSD
1109,MEX,1961,0.0125,NATUSD
1110,MEX,1962,0.0125,NATUSD
1111,MEX,1963,0.0125,NATUSD
1112,MEX,1964,0.0125,NATUSD
1113,MEX,1965,0.0125,NATUSD
1114,MEX,1966,0.0125,NATUSD
1115,MEX,1967,0.0125,NATUSD
1116,MEX,1968,0.0125,NATUSD
1117,MEX,1969,0.0125,NATUSD
1118,MEX,1970,0.0125,NATUSD
1119,MEX,1971,0.0125,NATUSD
1120,MEX,1972,0.0125,NATUSD
1121,MEX,1973,0.0125,NATUSD
1122,MEX,1974,0.0125,NATUSD
1123,MEX,1975,0.0125,NATUSD
1124,MEX,1976,0.015425999999999999,NATUSD
1125,MEX,1977,0.022573,NATUSD
1126,MEX,1978,0.022767,NATUSD
1127,MEX,1979,0.022805000000000002,NATUSD
1128,MEX,1980,0.022951,NATUSD
1129,MEX,1981,0.024515000000000002,NATUSD
1130,MEX,1982,0.056402,NATUSD
1131,MEX,1983,0.120094,NATUSD
1132,MEX,1984,0.167828,NATUSD
1133,MEX,1985,0.256872,NATUSD
1134,MEX,1986,0.611773,NATUSD
1135,MEX,1987,1.378183,NATUSD
1136,MEX,1988,2.2731049999999997,NATUSD
1137,MEX,1989,2.461473,NATUSD
1138,MEX,1990,2.812599,NATUSD
1139,MEX,1991,3.01843,NATUSD
1140,MEX,1992,3.094898,NATUSD
1141,MEX,1993,3.115617,NATUSD
1142,MEX,1994,3.375117,NATUSD
1143,MEX,1995,6.419425,NATUSD
1144,MEX,1996,7.599448,NATUSD
1145,MEX,1997,7.9184600000000005,NATUSD
1146,MEX,1998,9.136042,NATUSD
1147,MEX,1999,9.560398,NATUSD
1148,MEX,2000,9.455558,NATUSD
1149,MEX,2001,9.342342,NATUSD
1150,MEX,2002,9.655958,NATUSD
1151,MEX,2003,10.789019,NATUSD
1152,MEX,2004,11.285967,NATUSD
1153,MEX,2005,10.897892,NATUSD
1154,MEX,2006,10.899242,NATUSD
1155,MEX,2007,10.928192,NATUSD
1156,MEX,2008,11.129717,NATUSD
1157,MEX,2009,13.513475,NATUSD
1158,MEX,2010,12.636008,NATUSD
1159,MEX,2011,12.423325,NATUSD
1160,MEX,2012,13.169457999999999,NATUSD
1161,MEX,2013,12.771992,NATUSD
1162,MEX,2014,13.29245,NATUSD
1163,MEX,2015,15.848267000000002,NATUSD
1164,MEX,2016,18.664057999999997,NATUSD
1165,MEX,2017,18.926517,NATUSD
1166,NLD,1950,1.7243650000000001,NATUSD
1167,NLD,1951,1.7243650000000001,NATUSD
1168,NLD,1952,1.7243650000000001,NATUSD
1169,NLD,1953,1.7243650000000001,NATUSD
1170,NLD,1954,1.7243650000000001,NATUSD
1171,NLD,1955,1.7243650000000001,NATUSD
1172,NLD,1956,1.7243650000000001,NATUSD
1173,NLD,1957,1.7243650000000001,NATUSD
1174,NLD,1958,1.7243650000000001,NATUSD
1175,NLD,1959,1.7243650000000001,NATUSD
1176,NLD,1960,1.7243650000000001,NATUSD
1177,NLD,1961,1.656298,NATUSD
1178,NLD,1962,1.642684,NATUSD
1179,NLD,1963,1.642684,NATUSD
1180,NLD,1964,1.642684,NATUSD
1181,NLD,1965,1.642684,NATUSD
1182,NLD,1966,1.642684,NATUSD
1183,NLD,1967,1.642684,NATUSD
1184,NLD,1968,1.642684,NATUSD
1185,NLD,1969,1.642684,NATUSD
1186,NLD,1970,1.642684,NATUSD
1187,NLD,1971,1.595982,NATUSD
1188,NLD,1972,1.456408,NATUSD
1189,NLD,1973,1.268565,NATUSD
1190,NLD,1974,1.219935,NATUSD
1191,NLD,1975,1.147606,NATUSD
1192,NLD,1976,1.199768,NATUSD
1193,NLD,1977,1.11369,NATUSD
1194,NLD,1978,0.981791,NATUSD
1195,NLD,1979,0.9102790000000001,NATUSD
1196,NLD,1980,0.9021680000000001,NATUSD
1197,NLD,1981,1.132272,NATUSD
1198,NLD,1982,1.2116879999999999,NATUSD
1199,NLD,1983,1.295145,NATUSD
1200,NLD,1984,1.456037,NATUSD
1201,NLD,1985,1.5071860000000001,NATUSD
1202,NLD,1986,1.111773,NATUSD
1203,NLD,1987,0.9192229999999999,NATUSD
1204,NLD,1988,0.896934,NATUSD
1205,NLD,1989,0.962349,NATUSD
1206,NLD,1990,0.826307,NATUSD
1207,NLD,1991,0.848418,NATUSD
1208,NLD,1992,0.7979569999999999,NATUSD
1209,NLD,1993,0.842808,NATUSD
1210,NLD,1994,0.8258780000000001,NATUSD
1211,NLD,1995,0.7286239999999999,NATUSD
1212,NLD,1996,0.765027,NATUSD
1213,NLD,1997,0.8854479999999999,NATUSD
1214,NLD,1998,0.9001790000000001,NATUSD
1215,NLD,1999,0.938627,NATUSD
1216,NLD,2000,1.085401,NATUSD
1217,NLD,2001,1.11751,NATUSD
1218,NLD,2002,1.062552,NATUSD
1219,NLD,2003,0.886034,NATUSD
1220,NLD,2004,0.805365,NATUSD
1221,NLD,2005,0.80412,NATUSD
1222,NLD,2006,0.797141,NATUSD
1223,NLD,2007,0.730638,NATUSD
1224,NLD,2008,0.682675,NATUSD
1225,NLD,2009,0.719843,NATUSD
1226,NLD,2010,0.755045,NATUSD
1227,NLD,2011,0.719355,NATUSD
1228,NLD,2012,0.7782939999999999,NATUSD
1229,NLD,2013,0.753159,NATUSD
1230,NLD,2014,0.753731,NATUSD
1231,NLD,2015,0.901659,NATUSD
1232,NLD,2016,0.904035,NATUSD
1233,NLD,2017,0.8873969999999999,NATUSD
1234,NZL,1950,0.714288,NATUSD
1235,NZL,1951,0.714288,NATUSD
1236,NZL,1952,0.714288,NATUSD
1237,NZL,1953,0.714288,NATUSD
1238,NZL,1954,0.714288,NATUSD
1239,NZL,1955,0.714288,NATUSD
1240,NZL,1956,0.714288,NATUSD
1241,NZL,1957,0.714288,NATUSD
1242,NZL,1958,0.714288,NATUSD
1243,NZL,1959,0.714288,NATUSD
1244,NZL,1960,0.714288,NATUSD
1245,NZL,1961,0.715514,NATUSD
1246,NZL,1962,0.719194,NATUSD
1247,NZL,1963,0.719194,NATUSD
1248,NZL,1964,0.719194,NATUSD
1249,NZL,1965,0.719194,NATUSD
1250,NZL,1966,0.719194,NATUSD
1251,NZL,1967,0.733666,NATUSD
1252,NZL,1968,0.892857,NATUSD
1253,NZL,1969,0.892857,NATUSD
1254,NZL,1970,0.892857,NATUSD
1255,NZL,1971,0.8806069999999999,NATUSD
1256,NZL,1972,0.83668,NATUSD
1257,NZL,1973,0.736812,NATUSD
1258,NZL,1974,0.715403,NATUSD
1259,NZL,1975,0.832307,NATUSD
1260,NZL,1976,1.004889,NATUSD
1261,NZL,1977,1.0303120000000001,NATUSD
1262,NZL,1978,0.964425,NATUSD
1263,NZL,1979,0.9785020000000001,NATUSD
1264,NZL,1980,1.02668,NATUSD
1265,NZL,1981,1.152795,NATUSD
1266,NZL,1982,1.332608,NATUSD
1267,NZL,1983,1.496773,NATUSD
1268,NZL,1984,1.7639919999999998,NATUSD
1269,NZL,1985,2.023372,NATUSD
1270,NZL,1986,1.9131610000000001,NATUSD
1271,NZL,1987,1.694561,NATUSD
1272,NZL,1988,1.5264010000000001,NATUSD
1273,NZL,1989,1.672148,NATUSD
1274,NZL,1990,1.6762029999999999,NATUSD
1275,NZL,1991,1.733514,NATUSD
1276,NZL,1992,1.861792,NATUSD
1277,NZL,1993,1.850513,NATUSD
1278,NZL,1994,1.686522,NATUSD
1279,NZL,1995,1.5238770000000001,NATUSD
1280,NZL,1996,1.454848,NATUSD
1281,NZL,1997,1.512421,NATUSD
1282,NZL,1998,1.8682490000000003,NATUSD
1283,NZL,1999,1.889614,NATUSD
1284,NZL,2000,2.201149,NATUSD
1285,NZL,2001,2.378751,NATUSD
1286,NZL,2002,2.162191,NATUSD
1287,NZL,2003,1.7220990000000003,NATUSD
1288,NZL,2004,1.508681,NATUSD
1289,NZL,2005,1.420273,NATUSD
1290,NZL,2006,1.5420559999999999,NATUSD
1291,NZL,2007,1.360675,NATUSD
1292,NZL,2008,1.422727,NATUSD
1293,NZL,2009,1.600877,NATUSD
1294,NZL,2010,1.387834,NATUSD
1295,NZL,2011,1.265811,NATUSD
1296,NZL,2012,1.234284,NATUSD
1297,NZL,2013,1.219408,NATUSD
1298,NZL,2014,1.205433,NATUSD
1299,NZL,2015,1.433975,NATUSD
1300,NZL,2016,1.436525,NATUSD
1301,NZL,2017,1.407429,NATUSD
1302,NOR,1950,7.142860000000001,NATUSD
1303,NOR,1951,7.142860000000001,NATUSD
1304,NOR,1952,7.142860000000001,NATUSD
1305,NOR,1953,7.142860000000001,NATUSD
1306,NOR,1954,7.142860000000001,NATUSD
1307,NOR,1955,7.142860000000001,NATUSD
1308,NOR,1956,7.142860000000001,NATUSD
1309,NOR,1957,7.142860000000001,NATUSD
1310,NOR,1958,7.142860000000001,NATUSD
1311,NOR,1959,7.142860000000001,NATUSD
1312,NOR,1960,7.142860000000001,NATUSD
1313,NOR,1961,7.142860000000001,NATUSD
1314,NOR,1962,7.142860000000001,NATUSD
1315,NOR,1963,7.142860000000001,NATUSD
1316,NOR,1964,7.142860000000001,NATUSD
1317,NOR,1965,7.142860000000001,NATUSD
1318,NOR,1966,7.142860000000001,NATUSD
1319,NOR,1967,7.142860000000001,NATUSD
1320,NOR,1968,7.142860000000001,NATUSD
1321,NOR,1969,7.142860000000001,NATUSD
1322,NOR,1970,7.142860000000001,NATUSD
1323,NOR,1971,7.055905,NATUSD
1324,NOR,1972,6.588249,NATUSD
1325,NOR,1973,5.765833,NATUSD
1326,NOR,1974,5.539708,NATUSD
1327,NOR,1975,5.226942,NATUSD
1328,NOR,1976,5.456517,NATUSD
1329,NOR,1977,5.3235,NATUSD
1330,NOR,1978,5.24225,NATUSD
1331,NOR,1979,5.064067,NATUSD
1332,NOR,1980,4.939225,NATUSD
1333,NOR,1981,5.739508,NATUSD
1334,NOR,1982,6.454033,NATUSD
1335,NOR,1983,7.296367,NATUSD
1336,NOR,1984,8.161458,NATUSD
1337,NOR,1985,8.597233000000001,NATUSD
1338,NOR,1986,7.394742,NATUSD
1339,NOR,1987,6.73745,NATUSD
1340,NOR,1988,6.516983,NATUSD
1341,NOR,1989,6.9045,NATUSD
1342,NOR,1990,6.259742,NATUSD
1343,NOR,1991,6.482943,NATUSD
1344,NOR,1992,6.214501,NATUSD
1345,NOR,1993,7.094129,NATUSD
1346,NOR,1994,7.057583999999999,NATUSD
1347,NOR,1995,6.335157,NATUSD
1348,NOR,1996,6.449808,NATUSD
1349,NOR,1997,7.073401,NATUSD
1350,NOR,1998,7.545097,NATUSD
1351,NOR,1999,7.799172,NATUSD
1352,NOR,2000,8.801842,NATUSD
1353,NOR,2001,8.991653999999999,NATUSD
1354,NOR,2002,7.983778999999999,NATUSD
1355,NOR,2003,7.080217,NATUSD
1356,NOR,2004,6.740833,NATUSD
1357,NOR,2005,6.4425,NATUSD
1358,NOR,2006,6.413333000000001,NATUSD
1359,NOR,2007,5.861667,NATUSD
1360,NOR,2008,5.64,NATUSD
1361,NOR,2009,6.288333000000001,NATUSD
1362,NOR,2010,6.044167,NATUSD
1363,NOR,2011,5.604607,NATUSD
1364,NOR,2012,5.8175,NATUSD
1365,NOR,2013,5.875,NATUSD
1366,NOR,2014,6.301667,NATUSD
1367,NOR,2015,8.064167,NATUSD
1368,NOR,2016,8.4,NATUSD
1369,NOR,2017,8.272053999999999,NATUSD
1370,POL,1950,0.0004,NATUSD
1371,POL,1951,0.0004,NATUSD
1372,POL,1952,0.0004,NATUSD
1373,POL,1953,0.0004,NATUSD
1374,POL,1954,0.0004,NATUSD
1375,POL,1955,0.0004,NATUSD
1376,POL,1956,0.0004,NATUSD
1377,POL,1957,0.0004,NATUSD
1378,POL,1958,0.0004,NATUSD
1379,POL,1959,0.0004,NATUSD
1380,POL,1960,0.0004,NATUSD
1381,POL,1961,0.0004,NATUSD
1382,POL,1962,0.0004,NATUSD
1383,POL,1963,0.0004,NATUSD
1384,POL,1964,0.0004,NATUSD
1385,POL,1965,0.0004,NATUSD
1386,POL,1966,0.0004,NATUSD
1387,POL,1967,0.0004,NATUSD
1388,POL,1968,0.0004,NATUSD
1389,POL,1969,0.0004,NATUSD
1390,POL,1970,0.0004,NATUSD
1391,POL,1971,0.000389,NATUSD
1392,POL,1972,0.000368,NATUSD
1393,POL,1973,0.000335,NATUSD
1394,POL,1974,0.000332,NATUSD
1395,POL,1975,0.000332,NATUSD
1396,POL,1976,0.000332,NATUSD
1397,POL,1977,0.000332,NATUSD
1398,POL,1978,0.0005809999999999999,NATUSD
1399,POL,1979,0.0033200000000000005,NATUSD
1400,POL,1980,0.004422,NATUSD
1401,POL,1981,0.005115,NATUSD
1402,POL,1982,0.008482,NATUSD
1403,POL,1983,0.009155,NATUSD
1404,POL,1984,0.011323999999999999,NATUSD
1405,POL,1985,0.014713999999999998,NATUSD
1406,POL,1986,0.017529,NATUSD
1407,POL,1987,0.026507999999999997,NATUSD
1408,POL,1988,0.043055,NATUSD
1409,POL,1989,0.14391800000000002,NATUSD
1410,POL,1990,0.95,NATUSD
1411,POL,1991,1.057606,NATUSD
1412,POL,1992,1.362643,NATUSD
1413,POL,1993,1.8114970000000001,NATUSD
1414,POL,1994,2.272277,NATUSD
1415,POL,1995,2.424983,NATUSD
1416,POL,1996,2.6961,NATUSD
1417,POL,1997,3.279292,NATUSD
1418,POL,1998,3.4754,NATUSD
1419,POL,1999,3.967108,NATUSD
1420,POL,2000,4.346075,NATUSD
1421,POL,2001,4.0939,NATUSD
1422,POL,2002,4.080033,NATUSD
1423,POL,2003,3.889075,NATUSD
1424,POL,2004,3.6576419999999996,NATUSD
1425,POL,2005,3.2354830000000003,NATUSD
1426,POL,2006,3.103158,NATUSD
1427,POL,2007,2.76795,NATUSD
1428,POL,2008,2.409242,NATUSD
1429,POL,2009,3.120142,NATUSD
1430,POL,2010,3.0153,NATUSD
1431,POL,2011,2.962848,NATUSD
1432,POL,2012,3.2565419999999996,NATUSD
1433,POL,2013,3.160617,NATUSD
1434,POL,2014,3.1545419999999997,NATUSD
1435,POL,2015,3.7695,NATUSD
1436,POL,2016,3.9427830000000004,NATUSD
1437,POL,2017,3.7793330000000003,NATUSD
1438,PRT,1950,0.143404,NATUSD
1439,PRT,1951,0.143404,NATUSD
1440,PRT,1952,0.143404,NATUSD
1441,PRT,1953,0.143404,NATUSD
1442,PRT,1954,0.143404,NATUSD
1443,PRT,1955,0.143404,NATUSD
1444,PRT,1956,0.143404,NATUSD
1445,PRT,1957,0.143404,NATUSD
1446,PRT,1958,0.143404,NATUSD
1447,PRT,1959,0.143404,NATUSD
1448,PRT,1960,0.143404,NATUSD
1449,PRT,1961,0.143404,NATUSD
1450,PRT,1962,0.143404,NATUSD
1451,PRT,1963,0.143404,NATUSD
1452,PRT,1964,0.143404,NATUSD
1453,PRT,1965,0.143404,NATUSD
1454,PRT,1966,0.143404,NATUSD
1455,PRT,1967,0.143404,NATUSD
1456,PRT,1968,0.143404,NATUSD
1457,PRT,1969,0.143404,NATUSD
1458,PRT,1970,0.143404,NATUSD
1459,PRT,1971,0.14146,NATUSD
1460,PRT,1972,0.134942,NATUSD
1461,PRT,1973,0.122281,NATUSD
1462,PRT,1974,0.126735,NATUSD
1463,PRT,1975,0.127457,NATUSD
1464,PRT,1976,0.150782,NATUSD
1465,PRT,1977,0.190925,NATUSD
1466,PRT,1978,0.219158,NATUSD
1467,PRT,1979,0.244029,NATUSD
1468,PRT,1980,0.24970900000000001,NATUSD
1469,PRT,1981,0.306992,NATUSD
1470,PRT,1982,0.396411,NATUSD
1471,PRT,1983,0.552567,NATUSD
1472,PRT,1984,0.730192,NATUSD
1473,PRT,1985,0.849925,NATUSD
1474,PRT,1986,0.746136,NATUSD
1475,PRT,1987,0.702719,NATUSD
1476,PRT,1988,0.718039,NATUSD
1477,PRT,1989,0.7853979999999999,NATUSD
1478,PRT,1990,0.71106,NATUSD
1479,PRT,1991,0.720673,NATUSD
1480,PRT,1992,0.673366,NATUSD
1481,PRT,1993,0.802068,NATUSD
1482,PRT,1994,0.827968,NATUSD
1483,PRT,1995,0.753711,NATUSD
1484,PRT,1996,0.769364,NATUSD
1485,PRT,1997,0.874455,NATUSD
1486,PRT,1998,0.898357,NATUSD
1487,PRT,1999,0.938627,NATUSD
1488,PRT,2000,1.085401,NATUSD
1489,PRT,2001,1.11751,NATUSD
1490,PRT,2002,1.062552,NATUSD
1491,PRT,2003,0.886034,NATUSD
1492,PRT,2004,0.805365,NATUSD
1493,PRT,2005,0.80412,NATUSD
1494,PRT,2006,0.797141,NATUSD
1495,PRT,2007,0.730638,NATUSD
1496,PRT,2008,0.682675,NATUSD
1497,PRT,2009,0.719843,NATUSD
1498,PRT,2010,0.755045,NATUSD
1499,PRT,2011,0.719355,NATUSD
1500,PRT,2012,0.7782939999999999,NATUSD
1501,PRT,2013,0.753159,NATUSD
1502,PRT,2014,0.753731,NATUSD
1503,PRT,2015,0.901659,NATUSD
1504,PRT,2016,0.904035,NATUSD
1505,PRT,2017,0.8873969999999999,NATUSD
1506,SVK,1993,1.021363,NATUSD
1507,SVK,1994,1.0636940000000001,NATUSD
1508,SVK,1995,0.9863049999999999,NATUSD
1509,SVK,1996,1.017518,NATUSD
1510,SVK,1997,1.115852,NATUSD
1511,SVK,1998,1.169535,NATUSD
1512,SVK,1999,1.372995,NATUSD
1513,SVK,2000,1.528088,NATUSD
1514,SVK,2001,1.605086,NATUSD
1515,SVK,2002,1.504572,NATUSD
1516,SVK,2003,1.220637,NATUSD
1517,SVK,2004,1.070733,NATUSD
1518,SVK,2005,1.029617,NATUSD
1519,SVK,2006,0.985768,NATUSD
1520,SVK,2007,0.819702,NATUSD
1521,SVK,2008,0.709069,NATUSD
1522,SVK,2009,0.719843,NATUSD
1523,SVK,2010,0.755045,NATUSD
1524,SVK,2011,0.719355,NATUSD
1525,SVK,2012,0.7782939999999999,NATUSD
1526,SVK,2013,0.753159,NATUSD
1527,SVK,2014,0.753731,NATUSD
1528,SVK,2015,0.901659,NATUSD
1529,SVK,2016,0.904035,NATUSD
1530,SVK,2017,0.8873969999999999,NATUSD
1531,ESP,1950,0.23920300000000003,NATUSD
1532,ESP,1951,0.238301,NATUSD
1533,ESP,1952,0.238301,NATUSD
1534,ESP,1953,0.238301,NATUSD
1535,ESP,1954,0.234094,NATUSD
1536,ESP,1955,0.234094,NATUSD
1537,ESP,1956,0.234094,NATUSD
1538,ESP,1957,0.24822800000000003,NATUSD
1539,ESP,1958,0.25242,NATUSD
1540,ESP,1959,0.306514,NATUSD
1541,ESP,1960,0.360607,NATUSD
1542,ESP,1961,0.360607,NATUSD
1543,ESP,1962,0.360607,NATUSD
1544,ESP,1963,0.360607,NATUSD
1545,ESP,1964,0.360607,NATUSD
1546,ESP,1965,0.360607,NATUSD
1547,ESP,1966,0.360607,NATUSD
1548,ESP,1967,0.37062399999999995,NATUSD
1549,ESP,1968,0.42070799999999997,NATUSD
1550,ESP,1969,0.42070799999999997,NATUSD
1551,ESP,1970,0.42070799999999997,NATUSD
1552,ESP,1971,0.41751499999999997,NATUSD
1553,ESP,1972,0.386279,NATUSD
1554,ESP,1973,0.35015,NATUSD
1555,ESP,1974,0.34670300000000004,NATUSD
1556,ESP,1975,0.345023,NATUSD
1557,ESP,1976,0.402095,NATUSD
1558,ESP,1977,0.45653999999999995,NATUSD
1559,ESP,1978,0.460783,NATUSD
1560,ESP,1979,0.403429,NATUSD
1561,ESP,1980,0.430937,NATUSD
1562,ESP,1981,0.5548649999999999,NATUSD
1563,ESP,1982,0.660267,NATUSD
1564,ESP,1983,0.862031,NATUSD
1565,ESP,1984,0.9661930000000001,NATUSD
1566,ESP,1985,1.021986,NATUSD
1567,ESP,1986,0.841708,NATUSD
1568,ESP,1987,0.74212,NATUSD
1569,ESP,1988,0.7001,NATUSD
1570,ESP,1989,0.711464,NATUSD
1571,ESP,1990,0.612635,NATUSD
1572,ESP,1991,0.624521,NATUSD
1573,ESP,1992,0.6153109999999999,NATUSD
1574,ESP,1993,0.7648510000000001,NATUSD
1575,ESP,1994,0.805104,NATUSD
1576,ESP,1995,0.749396,NATUSD
1577,ESP,1996,0.761251,NATUSD
1578,ESP,1997,0.879964,NATUSD
1579,ESP,1998,0.897884,NATUSD
1580,ESP,1999,0.938627,NATUSD
1581,ESP,2000,1.085401,NATUSD
1582,ESP,2001,1.11751,NATUSD
1583,ESP,2002,1.062552,NATUSD
1584,ESP,2003,0.886034,NATUSD
1585,ESP,2004,0.805365,NATUSD
1586,ESP,2005,0.80412,NATUSD
1587,ESP,2006,0.797141,NATUSD
1588,ESP,2007,0.730638,NATUSD
1589,ESP,2008,0.682675,NATUSD
1590,ESP,2009,0.719843,NATUSD
1591,ESP,2010,0.755045,NATUSD
1592,ESP,2011,0.719355,NATUSD
1593,ESP,2012,0.7782939999999999,NATUSD
1594,ESP,2013,0.753159,NATUSD
1595,ESP,2014,0.753731,NATUSD
1596,ESP,2015,0.901659,NATUSD
1597,ESP,2016,0.904035,NATUSD
1598,ESP,2017,0.8873969999999999,NATUSD
1599,SWE,1950,5.172771,NATUSD
1600,SWE,1951,5.17321,NATUSD
1601,SWE,1952,5.17321,NATUSD
1602,SWE,1953,5.17321,NATUSD
1603,SWE,1954,5.17321,NATUSD
1604,SWE,1955,5.17321,NATUSD
1605,SWE,1956,5.17321,NATUSD
1606,SWE,1957,5.17321,NATUSD
1607,SWE,1958,5.17321,NATUSD
1608,SWE,1959,5.17321,NATUSD
1609,SWE,1960,5.17321,NATUSD
1610,SWE,1961,5.17321,NATUSD
1611,SWE,1962,5.17321,NATUSD
1612,SWE,1963,5.17321,NATUSD
1613,SWE,1964,5.17321,NATUSD
1614,SWE,1965,5.17321,NATUSD
1615,SWE,1966,5.17321,NATUSD
1616,SWE,1967,5.17321,NATUSD
1617,SWE,1968,5.17321,NATUSD
1618,SWE,1969,5.17321,NATUSD
1619,SWE,1970,5.17321,NATUSD
1620,SWE,1971,5.125905,NATUSD
1621,SWE,1972,4.762417,NATUSD
1622,SWE,1973,4.36725,NATUSD
1623,SWE,1974,4.439425,NATUSD
1624,SWE,1975,4.152191999999999,NATUSD
1625,SWE,1976,4.355892,NATUSD
1626,SWE,1977,4.481642,NATUSD
1627,SWE,1978,4.518475,NATUSD
1628,SWE,1979,4.287083,NATUSD
1629,SWE,1980,4.229575,NATUSD
1630,SWE,1981,5.063442,NATUSD
1631,SWE,1982,6.282608,NATUSD
1632,SWE,1983,7.667108,NATUSD
1633,SWE,1984,8.2718,NATUSD
1634,SWE,1985,8.603925,NATUSD
1635,SWE,1986,7.123583,NATUSD
1636,SWE,1987,6.3404419999999995,NATUSD
1637,SWE,1988,6.12715,NATUSD
1638,SWE,1989,6.4468760000000005,NATUSD
1639,SWE,1990,5.91879,NATUSD
1640,SWE,1991,6.047467,NATUSD
1641,SWE,1992,5.8238330000000005,NATUSD
1642,SWE,1993,7.7834270000000005,NATUSD
1643,SWE,1994,7.7159699999999996,NATUSD
1644,SWE,1995,7.133267999999999,NATUSD
1645,SWE,1996,6.705956,NATUSD
1646,SWE,1997,7.634894,NATUSD
1647,SWE,1998,7.9498679999999995,NATUSD
1648,SWE,1999,8.262428,NATUSD
1649,SWE,2000,9.162244,NATUSD
1650,SWE,2001,10.329136,NATUSD
1651,SWE,2002,9.737123,NATUSD
1652,SWE,2003,8.086304,NATUSD
1653,SWE,2004,7.3488869999999995,NATUSD
1654,SWE,2005,7.473088000000001,NATUSD
1655,SWE,2006,7.378249,NATUSD
1656,SWE,2007,6.758769999999999,NATUSD
1657,SWE,2008,6.591099000000001,NATUSD
1658,SWE,2009,7.653819,NATUSD
1659,SWE,2010,7.207524,NATUSD
1660,SWE,2011,6.493543,NATUSD
1661,SWE,2012,6.775016,NATUSD
1662,SWE,2013,6.513972,NATUSD
1663,SWE,2014,6.860785000000001,NATUSD
1664,SWE,2015,8.434841,NATUSD
1665,SWE,2016,8.561992,NATUSD
1666,SWE,2017,8.548861,NATUSD
1667,CHE,1950,4.37295,NATUSD
1668,CHE,1951,4.37295,NATUSD
1669,CHE,1952,4.37295,NATUSD
1670,CHE,1953,4.37295,NATUSD
1671,CHE,1954,4.37295,NATUSD
1672,CHE,1955,4.37295,NATUSD
1673,CHE,1956,4.37295,NATUSD
1674,CHE,1957,4.37295,NATUSD
1675,CHE,1958,4.37295,NATUSD
1676,CHE,1959,4.37295,NATUSD
1677,CHE,1960,4.37295,NATUSD
1678,CHE,1961,4.37295,NATUSD
1679,CHE,1962,4.37295,NATUSD
1680,CHE,1963,4.37295,NATUSD
1681,CHE,1964,4.37295,NATUSD
1682,CHE,1965,4.37295,NATUSD
1683,CHE,1966,4.37295,NATUSD
1684,CHE,1967,4.37295,NATUSD
1685,CHE,1968,4.37295,NATUSD
1686,CHE,1969,4.37295,NATUSD
1687,CHE,1970,4.37295,NATUSD
1688,CHE,1971,4.133854,NATUSD
1689,CHE,1972,3.81925,NATUSD
1690,CHE,1973,3.1648330000000002,NATUSD
1691,CHE,1974,2.97925,NATUSD
1692,CHE,1975,2.581283,NATUSD
1693,CHE,1976,2.4996419999999997,NATUSD
1694,CHE,1977,2.403525,NATUSD
1695,CHE,1978,1.788025,NATUSD
1696,CHE,1979,1.662725,NATUSD
1697,CHE,1980,1.6757080000000002,NATUSD
1698,CHE,1981,1.9642419999999998,NATUSD
1699,CHE,1982,2.030275,NATUSD
1700,CHE,1983,2.0991419999999996,NATUSD
1701,CHE,1984,2.349683,NATUSD
1702,CHE,1985,2.457125,NATUSD
1703,CHE,1986,1.7989169999999999,NATUSD
1704,CHE,1987,1.491192,NATUSD
1705,CHE,1988,1.4633,NATUSD
1706,CHE,1989,1.635925,NATUSD
1707,CHE,1990,1.389158,NATUSD
1708,CHE,1991,1.433992,NATUSD
1709,CHE,1992,1.406218,NATUSD
1710,CHE,1993,1.477617,NATUSD
1711,CHE,1994,1.367693,NATUSD
1712,CHE,1995,1.182469,NATUSD
1713,CHE,1996,1.23601,NATUSD
1714,CHE,1997,1.4513129999999999,NATUSD
1715,CHE,1998,1.449813,NATUSD
1716,CHE,1999,1.502155,NATUSD
1717,CHE,2000,1.688843,NATUSD
1718,CHE,2001,1.687615,NATUSD
1719,CHE,2002,1.558607,NATUSD
1720,CHE,2003,1.346651,NATUSD
1721,CHE,2004,1.243496,NATUSD
1722,CHE,2005,1.245177,NATUSD
1723,CHE,2006,1.253843,NATUSD
1724,CHE,2007,1.200366,NATUSD
1725,CHE,2008,1.0830899999999999,NATUSD
1726,CHE,2009,1.088142,NATUSD
1727,CHE,2010,1.0429059999999999,NATUSD
1728,CHE,2011,0.888042,NATUSD
1729,CHE,2012,0.937684,NATUSD
1730,CHE,2013,0.9269040000000001,NATUSD
1731,CHE,2014,0.916151,NATUSD
1732,CHE,2015,0.9623809999999999,NATUSD
1733,CHE,2016,0.9853940000000001,NATUSD
1734,CHE,2017,0.9847309999999999,NATUSD
1735,TUR,1950,2.8,NATUSD
1736,TUR,1951,2.8,NATUSD
1737,TUR,1952,2.8,NATUSD
1738,TUR,1953,2.8,NATUSD
1739,TUR,1954,2.8,NATUSD
1740,TUR,1955,2.8,NATUSD
1741,TUR,1956,2.8,NATUSD
1742,TUR,1957,0.23333600000000002,NATUSD
1743,TUR,1958,5e-06,NATUSD
1744,TUR,1959,9e-06,NATUSD
1745,TUR,1960,9e-06,NATUSD
1746,TUR,1961,9e-06,NATUSD
1747,TUR,1962,9e-06,NATUSD
1748,TUR,1963,9e-06,NATUSD
1749,TUR,1964,9e-06,NATUSD
1750,TUR,1965,9e-06,NATUSD
1751,TUR,1966,9e-06,NATUSD
1752,TUR,1967,9e-06,NATUSD
1753,TUR,1968,9e-06,NATUSD
1754,TUR,1969,9e-06,NATUSD
1755,TUR,1970,1.1e-05,NATUSD
1756,TUR,1971,1.4999999999999999e-05,NATUSD
1757,TUR,1972,1.4000000000000001e-05,NATUSD
1758,TUR,1973,1.4000000000000001e-05,NATUSD
1759,TUR,1974,1.4000000000000001e-05,NATUSD
1760,TUR,1975,1.4000000000000001e-05,NATUSD
1761,TUR,1976,1.6e-05,NATUSD
1762,TUR,1977,1.8e-05,NATUSD
1763,TUR,1978,2.4e-05,NATUSD
1764,TUR,1979,3.1e-05,NATUSD
1765,TUR,1980,7.6e-05,NATUSD
1766,TUR,1981,0.00011100000000000001,NATUSD
1767,TUR,1982,0.00016299999999999998,NATUSD
1768,TUR,1983,0.000225,NATUSD
1769,TUR,1984,0.000367,NATUSD
1770,TUR,1985,0.000522,NATUSD
1771,TUR,1986,0.000675,NATUSD
1772,TUR,1987,0.000857,NATUSD
1773,TUR,1988,0.001422,NATUSD
1774,TUR,1989,0.0021219999999999998,NATUSD
1775,TUR,1990,0.0026089999999999998,NATUSD
1776,TUR,1991,0.0041719999999999995,NATUSD
1777,TUR,1992,0.006872,NATUSD
1778,TUR,1993,0.010985,NATUSD
1779,TUR,1994,0.029608999999999996,NATUSD
1780,TUR,1995,0.045845,NATUSD
1781,TUR,1996,0.08140499999999999,NATUSD
1782,TUR,1997,0.151865,NATUSD
1783,TUR,1998,0.26072399999999996,NATUSD
1784,TUR,1999,0.418783,NATUSD
1785,TUR,2000,0.625219,NATUSD
1786,TUR,2001,1.225588,NATUSD
1787,TUR,2002,1.507226,NATUSD
1788,TUR,2003,1.500885,NATUSD
1789,TUR,2004,1.425537,NATUSD
1790,TUR,2005,1.343583,NATUSD
1791,TUR,2006,1.428453,NATUSD
1792,TUR,2007,1.3029309999999998,NATUSD
1793,TUR,2008,1.3015219999999998,NATUSD
1794,TUR,2009,1.54996,NATUSD
1795,TUR,2010,1.5028489999999999,NATUSD
1796,TUR,2011,1.674955,NATUSD
1797,TUR,2012,1.7960009999999997,NATUSD
1798,TUR,2013,1.9037680000000001,NATUSD
1799,TUR,2014,2.188542,NATUSD
1800,TUR,2015,2.720009,NATUSD
1801,TUR,2016,3.020135,NATUSD
1802,TUR,2017,3.648133,NATUSD
1803,GBR,1950,0.357143,NATUSD
1804,GBR,1951,0.357143,NATUSD
1805,GBR,1952,0.357143,NATUSD
1806,GBR,1953,0.357143,NATUSD
1807,GBR,1954,0.357143,NATUSD
1808,GBR,1955,0.357143,NATUSD
1809,GBR,1956,0.357143,NATUSD
1810,GBR,1957,0.357143,NATUSD
1811,GBR,1958,0.357143,NATUSD
1812,GBR,1959,0.357143,NATUSD
1813,GBR,1960,0.357143,NATUSD
1814,GBR,1961,0.357143,NATUSD
1815,GBR,1962,0.357143,NATUSD
1816,GBR,1963,0.357143,NATUSD
1817,GBR,1964,0.357143,NATUSD
1818,GBR,1965,0.357143,NATUSD
1819,GBR,1966,0.357143,NATUSD
1820,GBR,1967,0.362103,NATUSD
1821,GBR,1968,0.416667,NATUSD
1822,GBR,1969,0.416667,NATUSD
1823,GBR,1970,0.416667,NATUSD
1824,GBR,1971,0.41092,NATUSD
1825,GBR,1972,0.40039,NATUSD
1826,GBR,1973,0.408171,NATUSD
1827,GBR,1974,0.427756,NATUSD
1828,GBR,1975,0.45204099999999997,NATUSD
1829,GBR,1976,0.5565100000000001,NATUSD
1830,GBR,1977,0.573272,NATUSD
1831,GBR,1978,0.521505,NATUSD
1832,GBR,1979,0.472181,NATUSD
1833,GBR,1980,0.430295,NATUSD
1834,GBR,1981,0.497641,NATUSD
1835,GBR,1982,0.572447,NATUSD
1836,GBR,1983,0.659725,NATUSD
1837,GBR,1984,0.751807,NATUSD
1838,GBR,1985,0.779246,NATUSD
1839,GBR,1986,0.682197,NATUSD
1840,GBR,1987,0.611927,NATUSD
1841,GBR,1988,0.56217,NATUSD
1842,GBR,1989,0.611173,NATUSD
1843,GBR,1990,0.563177,NATUSD
1844,GBR,1991,0.5670149999999999,NATUSD
1845,GBR,1992,0.569774,NATUSD
1846,GBR,1993,0.6667569999999999,NATUSD
1847,GBR,1994,0.6534270000000001,NATUSD
1848,GBR,1995,0.633668,NATUSD
1849,GBR,1996,0.640958,NATUSD
1850,GBR,1997,0.6108359999999999,NATUSD
1851,GBR,1998,0.603824,NATUSD
1852,GBR,1999,0.618057,NATUSD
1853,GBR,2000,0.660931,NATUSD
1854,GBR,2001,0.694655,NATUSD
1855,GBR,2002,0.667223,NATUSD
1856,GBR,2003,0.612472,NATUSD
1857,GBR,2004,0.54618,NATUSD
1858,GBR,2005,0.549998,NATUSD
1859,GBR,2006,0.5434869999999999,NATUSD
1860,GBR,2007,0.49977200000000005,NATUSD
1861,GBR,2008,0.543966,NATUSD
1862,GBR,2009,0.6419189999999999,NATUSD
1863,GBR,2010,0.647179,NATUSD
1864,GBR,2011,0.624141,NATUSD
1865,GBR,2012,0.633047,NATUSD
1866,GBR,2013,0.6396609999999999,NATUSD
1867,GBR,2014,0.60773,NATUSD
1868,GBR,2015,0.6545449999999999,NATUSD
1869,GBR,2016,0.740634,NATUSD
1870,GBR,2017,0.777003,NATUSD
1871,USA,1950,1.0,NATUSD
1872,USA,1951,1.0,NATUSD
1873,USA,1952,1.0,NATUSD
1874,USA,1953,1.0,NATUSD
1875,USA,1954,1.0,NATUSD
1876,USA,1955,1.0,NATUSD
1877,USA,1956,1.0,NATUSD
1878,USA,1957,1.0,NATUSD
1879,USA,1958,1.0,NATUSD
1880,USA,1959,1.0,NATUSD
1881,USA,1960,1.0,NATUSD
1882,USA,1961,1.0,NATUSD
1883,USA,1962,1.0,NATUSD
1884,USA,1963,1.0,NATUSD
1885,USA,1964,1.0,NATUSD
1886,USA,1965,1.0,NATUSD
1887,USA,1966,1.0,NATUSD
1888,USA,1967,1.0,NATUSD
1889,USA,1968,1.0,NATUSD
1890,USA,1969,1.0,NATUSD
1891,USA,1970,1.0,NATUSD
1892,USA,1971,1.0,NATUSD
1893,USA,1972,1.0,NATUSD
1894,USA,1973,1.0,NATUSD
1895,USA,1974,1.0,NATUSD
1896,USA,1975,1.0,NATUSD
1897,USA,1976,1.0,NATUSD
1898,USA,1977,1.0,NATUSD
1899,USA,1978,1.0,NATUSD
1900,USA,1979,1.0,NATUSD
1901,USA,1980,1.0,NATUSD
1902,USA,1981,1.0,NATUSD
1903,USA,1982,1.0,NATUSD
1904,USA,1983,1.0,NATUSD
1905,USA,1984,1.0,NATUSD
1906,USA,1985,1.0,NATUSD
1907,USA,1986,1.0,NATUSD
1908,USA,1987,1.0,NATUSD
1909,USA,1988,1.0,NATUSD
1910,USA,1989,1.0,NATUSD
1911,USA,1990,1.0,NATUSD
1912,USA,1991,1.0,NATUSD
1913,USA,1992,1.0,NATUSD
1914,USA,1993,1.0,NATUSD
1915,USA,1994,1.0,NATUSD
1916,USA,1995,1.0,NATUSD
1917,USA,1996,1.0,NATUSD
1918,USA,1997,1.0,NATUSD
1919,USA,1998,1.0,NATUSD
1920,USA,1999,1.0,NATUSD
1921,USA,2000,1.0,NATUSD
1922,USA,2001,1.0,NATUSD
1923,USA,2002,1.0,NATUSD
1924,USA,2003,1.0,NATUSD
1925,USA,2004,1.0,NATUSD
1926,USA,2005,1.0,NATUSD
1927,USA,2006,1.0,NATUSD
1928,USA,2007,1.0,NATUSD
1929,USA,2008,1.0,NATUSD
1930,USA,2009,1.0,NATUSD
1931,USA,2010,1.0,NATUSD
1932,USA,2011,1.0,NATUSD
1933,USA,2012,1.0,NATUSD
1934,USA,2013,1.0,NATUSD
1935,USA,2014,1.0,NATUSD
1936,USA,2015,1.0,NATUSD
1937,USA,2016,1.0,NATUSD
1938,USA,2017,1.0,NATUSD
1939,BRA,1950,0.0,NATUSD
1940,BRA,1951,0.0,NATUSD
1941,BRA,1952,0.0,NATUSD
1942,BRA,1953,0.0,NATUSD
1943,BRA,1954,0.0,NATUSD
1944,BRA,1955,0.0,NATUSD
1945,BRA,1956,0.0,NATUSD
1946,BRA,1957,0.0,NATUSD
1947,BRA,1958,0.0,NATUSD
1948,BRA,1959,0.0,NATUSD
1949,BRA,1960,0.0,NATUSD
1950,BRA,1961,0.0,NATUSD
1951,BRA,1962,0.0,NATUSD
1952,BRA,1963,0.0,NATUSD
1953,BRA,1964,0.0,NATUSD
1954,BRA,1965,0.0,NATUSD
1955,BRA,1966,0.0,NATUSD
1956,BRA,1967,0.0,NATUSD
1957,BRA,1968,0.0,NATUSD
1958,BRA,1969,0.0,NATUSD
1959,BRA,1970,0.0,NATUSD
1960,BRA,1971,0.0,NATUSD
1961,BRA,1972,0.0,NATUSD
1962,BRA,1973,0.0,NATUSD
1963,BRA,1974,0.0,NATUSD
1964,BRA,1975,0.0,NATUSD
1965,BRA,1976,0.0,NATUSD
1966,BRA,1977,0.0,NATUSD
1967,BRA,1978,0.0,NATUSD
1968,BRA,1979,0.0,NATUSD
1969,BRA,1980,0.0,NATUSD
1970,BRA,1981,0.0,NATUSD
1971,BRA,1982,0.0,NATUSD
1972,BRA,1983,0.0,NATUSD
1973,BRA,1984,0.0,NATUSD
1974,BRA,1985,0.0,NATUSD
1975,BRA,1986,0.0,NATUSD
1976,BRA,1987,0.0,NATUSD
1977,BRA,1988,0.0,NATUSD
1978,BRA,1989,1e-06,NATUSD
1979,BRA,1990,2.9999999999999997e-05,NATUSD
1980,BRA,1991,0.000176,NATUSD
1981,BRA,1992,0.001953,NATUSD
1982,BRA,1993,0.038277,NATUSD
1983,BRA,1994,0.664684,NATUSD
1984,BRA,1995,0.917667,NATUSD
1985,BRA,1996,1.0051,NATUSD
1986,BRA,1997,1.077992,NATUSD
1987,BRA,1998,1.160517,NATUSD
1988,BRA,1999,1.8139330000000002,NATUSD
1989,BRA,2000,1.829423,NATUSD
1990,BRA,2001,2.349632,NATUSD
1991,BRA,2002,2.920363,NATUSD
1992,BRA,2003,3.077475,NATUSD
1993,BRA,2004,2.925119,NATUSD
1994,BRA,2005,2.43439,NATUSD
1995,BRA,2006,2.1753270000000002,NATUSD
1996,BRA,2007,1.9470580000000002,NATUSD
1997,BRA,2008,1.833767,NATUSD
1998,BRA,2009,1.999428,NATUSD
1999,BRA,2010,1.759227,NATUSD
2000,BRA,2011,1.6728290000000001,NATUSD
2001,BRA,2012,1.953069,NATUSD
2002,BRA,2013,2.156089,NATUSD
2003,BRA,2014,2.352952,NATUSD
2004,BRA,2015,3.3269040000000003,NATUSD
2005,BRA,2016,3.491313,NATUSD
2006,BRA,2017,3.191389,NATUSD
2007,CHL,1950,4.8e-05,NATUSD
2008,CHL,1951,5.6000000000000006e-05,NATUSD
2009,CHL,1952,6.2e-05,NATUSD
2010,CHL,1953,7.099999999999999e-05,NATUSD
2011,CHL,1954,9.2e-05,NATUSD
2012,CHL,1955,0.000162,NATUSD
2013,CHL,1956,0.000336,NATUSD
2014,CHL,1957,0.000521,NATUSD
2015,CHL,1958,0.000705,NATUSD
2016,CHL,1959,0.000944,NATUSD
2017,CHL,1960,0.001049,NATUSD
2018,CHL,1961,0.00105,NATUSD
2019,CHL,1962,0.001058,NATUSD
2020,CHL,1963,0.001622,NATUSD
2021,CHL,1964,0.002307,NATUSD
2022,CHL,1965,0.003157,NATUSD
2023,CHL,1966,0.003851,NATUSD
2024,CHL,1967,0.005068,NATUSD
2025,CHL,1968,0.006876,NATUSD
2026,CHL,1969,0.008618,NATUSD
2027,CHL,1970,0.011278,NATUSD
2028,CHL,1971,0.012209000000000001,NATUSD
2029,CHL,1972,0.020835,NATUSD
2030,CHL,1973,0.071642,NATUSD
2031,CHL,1974,0.5928260000000001,NATUSD
2032,CHL,1975,4.910417,NATUSD
2033,CHL,1976,13.054167,NATUSD
2034,CHL,1977,21.535833,NATUSD
2035,CHL,1978,31.655833,NATUSD
2036,CHL,1979,37.245833000000005,NATUSD
2037,CHL,1980,39.0,NATUSD
2038,CHL,1981,39.0,NATUSD
2039,CHL,1982,50.908333,NATUSD
2040,CHL,1983,78.788333,NATUSD
2041,CHL,1984,98.4775,NATUSD
2042,CHL,1985,160.86,NATUSD
2043,CHL,1986,192.93,NATUSD
2044,CHL,1987,219.406667,NATUSD
2045,CHL,1988,245.011667,NATUSD
2046,CHL,1989,266.954167,NATUSD
2047,CHL,1990,304.90333300000003,NATUSD
2048,CHL,1991,349.21583300000003,NATUSD
2049,CHL,1992,362.575833,NATUSD
2050,CHL,1993,404.165833,NATUSD
2051,CHL,1994,420.176667,NATUSD
2052,CHL,1995,396.773333,NATUSD
2053,CHL,1996,412.266667,NATUSD
2054,CHL,1997,419.295,NATUSD
2055,CHL,1998,460.2875,NATUSD
2056,CHL,1999,508.776667,NATUSD
2057,CHL,2000,539.5875,NATUSD
2058,CHL,2001,634.9383330000001,NATUSD
2059,CHL,2002,688.9366669999999,NATUSD
2060,CHL,2003,691.3975,NATUSD
2061,CHL,2004,609.529167,NATUSD
2062,CHL,2005,559.7675,NATUSD
2063,CHL,2006,530.275,NATUSD
2064,CHL,2007,522.464167,NATUSD
2065,CHL,2008,522.461036,NATUSD
2066,CHL,2009,560.859895,NATUSD
2067,CHL,2010,510.249167,NATUSD
2068,CHL,2011,483.6675,NATUSD
2069,CHL,2012,486.47130300000003,NATUSD
2070,CHL,2013,495.27287800000005,NATUSD
2071,CHL,2014,570.348216,NATUSD
2072,CHL,2015,654.124084,NATUSD
2073,CHL,2016,676.9577360000001,NATUSD
2074,CHL,2017,648.822038,NATUSD
2075,CHN,1957,2.461809,NATUSD
2076,CHN,1958,2.461809,NATUSD
2077,CHN,1959,2.461809,NATUSD
2078,CHN,1960,2.461809,NATUSD
2079,CHN,1961,2.461809,NATUSD
2080,CHN,1962,2.461809,NATUSD
2081,CHN,1963,2.461809,NATUSD
2082,CHN,1964,2.461809,NATUSD
2083,CHN,1965,2.461809,NATUSD
2084,CHN,1966,2.461809,NATUSD
2085,CHN,1967,2.461809,NATUSD
2086,CHN,1968,2.461809,NATUSD
2087,CHN,1969,2.461809,NATUSD
2088,CHN,1970,2.461809,NATUSD
2089,CHN,1971,2.461809,NATUSD
2090,CHN,1972,2.245066,NATUSD
2091,CHN,1973,1.989416,NATUSD
2092,CHN,1974,1.961107,NATUSD
2093,CHN,1975,1.859823,NATUSD
2094,CHN,1976,1.9414150000000001,NATUSD
2095,CHN,1977,1.857823,NATUSD
2096,CHN,1978,1.683589,NATUSD
2097,CHN,1979,1.5549389999999998,NATUSD
2098,CHN,1980,1.498386,NATUSD
2099,CHN,1981,1.7045419999999998,NATUSD
2100,CHN,1982,1.8925419999999997,NATUSD
2101,CHN,1983,1.975675,NATUSD
2102,CHN,1984,2.320042,NATUSD
2103,CHN,1985,2.936658,NATUSD
2104,CHN,1986,3.4527919999999996,NATUSD
2105,CHN,1987,3.7221,NATUSD
2106,CHN,1988,3.7221,NATUSD
2107,CHN,1989,3.765108,NATUSD
2108,CHN,1990,4.783208,NATUSD
2109,CHN,1991,5.323392,NATUSD
2110,CHN,1992,5.5145919999999995,NATUSD
2111,CHN,1993,5.761958,NATUSD
2112,CHN,1994,8.618742999999998,NATUSD
2113,CHN,1995,8.351417,NATUSD
2114,CHN,1996,8.314175,NATUSD
2115,CHN,1997,8.289817,NATUSD
2116,CHN,1998,8.278958,NATUSD
2117,CHN,1999,8.27825,NATUSD
2118,CHN,2000,8.278504,NATUSD
2119,CHN,2001,8.277068,NATUSD
2120,CHN,2002,8.276958,NATUSD
2121,CHN,2003,8.277037,NATUSD
2122,CHN,2004,8.276800999999999,NATUSD
2123,CHN,2005,8.194317,NATUSD
2124,CHN,2006,7.973438000000001,NATUSD
2125,CHN,2007,7.607532000000001,NATUSD
2126,CHN,2008,6.9486550000000005,NATUSD
2127,CHN,2009,6.831416,NATUSD
2128,CHN,2010,6.770269,NATUSD
2129,CHN,2011,6.461461,NATUSD
2130,CHN,2012,6.312333,NATUSD
2131,CHN,2013,6.1957580000000005,NATUSD
2132,CHN,2014,6.143434,NATUSD
2133,CHN,2015,6.227489,NATUSD
2134,CHN,2016,6.644477999999999,NATUSD
2135,CHN,2017,6.758755000000001,NATUSD
2136,COL,1950,1.96,NATUSD
2137,COL,1951,2.4,NATUSD
2138,COL,1952,2.51,NATUSD
2139,COL,1953,2.51,NATUSD
2140,COL,1954,2.51,NATUSD
2141,COL,1955,2.51,NATUSD
2142,COL,1956,2.51,NATUSD
2143,COL,1957,3.7975,NATUSD
2144,COL,1958,6.4,NATUSD
2145,COL,1959,6.4,NATUSD
2146,COL,1960,6.635,NATUSD
2147,COL,1961,6.7,NATUSD
2148,COL,1962,6.9012080000000005,NATUSD
2149,COL,1963,9.0,NATUSD
2150,COL,1964,9.0,NATUSD
2151,COL,1965,10.475,NATUSD
2152,COL,1966,13.5,NATUSD
2153,COL,1967,14.506392000000002,NATUSD
2154,COL,1968,16.290667000000003,NATUSD
2155,COL,1969,17.320142,NATUSD
2156,COL,1970,18.4431,NATUSD
2157,COL,1971,19.931932999999997,NATUSD
2158,COL,1972,21.865642,NATUSD
2159,COL,1973,23.636982999999997,NATUSD
2160,COL,1974,26.064125,NATUSD
2161,COL,1975,30.928942,NATUSD
2162,COL,1976,34.693925,NATUSD
2163,COL,1977,36.774867,NATUSD
2164,COL,1978,39.094642,NATUSD
2165,COL,1979,42.549775,NATUSD
2166,COL,1980,47.280308000000005,NATUSD
2167,COL,1981,54.49055,NATUSD
2168,COL,1982,64.084717,NATUSD
2169,COL,1983,78.8543,NATUSD
2170,COL,1984,100.81724200000001,NATUSD
2171,COL,1985,142.311667,NATUSD
2172,COL,1986,194.261417,NATUSD
2173,COL,1987,242.6075,NATUSD
2174,COL,1988,299.173833,NATUSD
2175,COL,1989,382.568083,NATUSD
2176,COL,1990,502.25925,NATUSD
2177,COL,1991,633.045167,NATUSD
2178,COL,1992,759.2819999999999,NATUSD
2179,COL,1993,863.0646830000001,NATUSD
2180,COL,1994,844.8358900000001,NATUSD
2181,COL,1995,912.826415,NATUSD
2182,COL,1996,1036.686417,NATUSD
2183,COL,1997,1140.9629419999999,NATUSD
2184,COL,1998,1426.037458,NATUSD
2185,COL,1999,1756.2308480000002,NATUSD
2186,COL,2000,2087.903842,NATUSD
2187,COL,2001,2299.633156,NATUSD
2188,COL,2002,2504.2413309999997,NATUSD
2189,COL,2003,2877.652458,NATUSD
2190,COL,2004,2628.612903,NATUSD
2191,COL,2005,2320.834177,NATUSD
2192,COL,2006,2361.139407,NATUSD
2193,COL,2007,2078.291837,NATUSD
2194,COL,2008,1967.711309,NATUSD
2195,COL,2009,2158.255903,NATUSD
2196,COL,2010,1898.569636,NATUSD
2197,COL,2011,1848.1394699999998,NATUSD
2198,COL,2012,1796.8959120000002,NATUSD
2199,COL,2013,1868.785327,NATUSD
2200,COL,2014,2001.781048,NATUSD
2201,COL,2015,2741.880855,NATUSD
2202,COL,2016,3054.121673,NATUSD
2203,COL,2017,2951.327402,NATUSD
2204,EST,1993,0.845088,NATUSD
2205,EST,1994,0.830292,NATUSD
2206,EST,1995,0.732731,NATUSD
2207,EST,1996,0.769368,NATUSD
2208,EST,1997,0.8872059999999999,NATUSD
2209,EST,1998,0.8995350000000001,NATUSD
2210,EST,1999,0.938069,NATUSD
2211,EST,2000,1.084494,NATUSD
2212,EST,2001,1.117052,NATUSD
2213,EST,2002,1.061687,NATUSD
2214,EST,2003,0.8855860000000001,NATUSD
2215,EST,2004,0.805003,NATUSD
2216,EST,2005,0.804251,NATUSD
2217,EST,2006,0.79669,NATUSD
2218,EST,2007,0.7307560000000001,NATUSD
2219,EST,2008,0.683499,NATUSD
2220,EST,2009,0.719481,NATUSD
2221,EST,2010,0.754595,NATUSD
2222,EST,2011,0.719355,NATUSD
2223,EST,2012,0.7782939999999999,NATUSD
2224,EST,2013,0.753159,NATUSD
2225,EST,2014,0.753731,NATUSD
2226,EST,2015,0.901659,NATUSD
2227,EST,2016,0.904035,NATUSD
2228,EST,2017,0.8873969999999999,NATUSD
2229,IND,1950,4.7619,NATUSD
2230,IND,1951,4.7619,NATUSD
2231,IND,1952,4.7619,NATUSD
2232,IND,1953,4.7619,NATUSD
2233,IND,1954,4.7619,NATUSD
2234,IND,1955,4.7619,NATUSD
2235,IND,1956,4.7619,NATUSD
2236,IND,1957,4.7619,NATUSD
2237,IND,1958,4.7619,NATUSD
2238,IND,1959,4.7619,NATUSD
2239,IND,1960,4.7619,NATUSD
2240,IND,1961,4.7619,NATUSD
2241,IND,1962,4.7619,NATUSD
2242,IND,1963,4.7619,NATUSD
2243,IND,1964,4.7619,NATUSD
2244,IND,1965,4.7619,NATUSD
2245,IND,1966,6.359125,NATUSD
2246,IND,1967,7.5,NATUSD
2247,IND,1968,7.5,NATUSD
2248,IND,1969,7.5,NATUSD
2249,IND,1970,7.5,NATUSD
2250,IND,1971,7.491935000000001,NATUSD
2251,IND,1972,7.594467999999999,NATUSD
2252,IND,1973,7.742039,NATUSD
2253,IND,1974,8.101602999999999,NATUSD
2254,IND,1975,8.375892,NATUSD
2255,IND,1976,8.960413,NATUSD
2256,IND,1977,8.738576,NATUSD
2257,IND,1978,8.192839999999999,NATUSD
2258,IND,1979,8.125791,NATUSD
2259,IND,1980,7.862945,NATUSD
2260,IND,1981,8.658522999999999,NATUSD
2261,IND,1982,9.455132,NATUSD
2262,IND,1983,10.098898,NATUSD
2263,IND,1984,11.362583,NATUSD
2264,IND,1985,12.36875,NATUSD
2265,IND,1986,12.610833,NATUSD
2266,IND,1987,12.9615,NATUSD
2267,IND,1988,13.917082999999998,NATUSD
2268,IND,1989,16.2255,NATUSD
2269,IND,1990,17.5035,NATUSD
2270,IND,1991,22.742433,NATUSD
2271,IND,1992,25.918083,NATUSD
2272,IND,1993,30.493291999999997,NATUSD
2273,IND,1994,31.373742,NATUSD
2274,IND,1995,32.427077000000004,NATUSD
2275,IND,1996,35.433173,NATUSD
2276,IND,1997,36.313286,NATUSD
2277,IND,1998,41.259365,NATUSD
2278,IND,1999,43.055428000000006,NATUSD
2279,IND,2000,44.941604999999996,NATUSD
2280,IND,2001,47.186414,NATUSD
2281,IND,2002,48.610319,NATUSD
2282,IND,2003,46.583284,NATUSD
2283,IND,2004,45.316466999999996,NATUSD
2284,IND,2005,44.099975,NATUSD
2285,IND,2006,45.307008,NATUSD
2286,IND,2007,41.348533,NATUSD
2287,IND,2008,43.505183,NATUSD
2288,IND,2009,48.405266999999995,NATUSD
2289,IND,2010,45.725812,NATUSD
2290,IND,2011,46.670466999999995,NATUSD
2291,IND,2012,53.437233,NATUSD
2292,IND,2013,58.59784499999999,NATUSD
2293,IND,2014,61.029514,NATUSD
2294,IND,2015,64.151944,NATUSD
2295,IND,2016,67.195313,NATUSD
2296,IND,2017,65.121569,NATUSD
2297,IDN,1967,149.583333,NATUSD
2298,IDN,1968,296.291667,NATUSD
2299,IDN,1969,326.0,NATUSD
2300,IDN,1970,362.833333,NATUSD
2301,IDN,1971,391.875,NATUSD
2302,IDN,1972,415.0,NATUSD
2303,IDN,1973,415.0,NATUSD
2304,IDN,1974,415.0,NATUSD
2305,IDN,1975,415.0,NATUSD
2306,IDN,1976,415.0,NATUSD
2307,IDN,1977,415.0,NATUSD
2308,IDN,1978,442.045417,NATUSD
2309,IDN,1979,623.0555,NATUSD
2310,IDN,1980,626.994,NATUSD
2311,IDN,1981,631.756667,NATUSD
2312,IDN,1982,661.42075,NATUSD
2313,IDN,1983,909.264833,NATUSD
2314,IDN,1984,1025.944833,NATUSD
2315,IDN,1985,1110.58,NATUSD
2316,IDN,1986,1282.56,NATUSD
2317,IDN,1987,1643.848333,NATUSD
2318,IDN,1988,1685.704167,NATUSD
2319,IDN,1989,1770.0591670000001,NATUSD
2320,IDN,1990,1842.8133329999998,NATUSD
2321,IDN,1991,1950.3175,NATUSD
2322,IDN,1992,2029.920833,NATUSD
2323,IDN,1993,2087.1038670000003,NATUSD
2324,IDN,1994,2160.753675,NATUSD
2325,IDN,1995,2248.607975,NATUSD
2326,IDN,1996,2342.296292,NATUSD
2327,IDN,1997,2909.38,NATUSD
2328,IDN,1998,10013.6225,NATUSD
2329,IDN,1999,7855.15,NATUSD
2330,IDN,2000,8421.775,NATUSD
2331,IDN,2001,10260.85,NATUSD
2332,IDN,2002,9311.191667000001,NATUSD
2333,IDN,2003,8577.133333,NATUSD
2334,IDN,2004,8938.85,NATUSD
2335,IDN,2005,9704.741667,NATUSD
2336,IDN,2006,9159.316667000001,NATUSD
2337,IDN,2007,9141.0,NATUSD
2338,IDN,2008,9698.9625,NATUSD
2339,IDN,2009,10389.9375,NATUSD
2340,IDN,2010,9090.433332999999,NATUSD
2341,IDN,2011,8770.433332999999,NATUSD
2342,IDN,2012,9386.629167000001,NATUSD
2343,IDN,2013,10461.24,NATUSD
2344,IDN,2014,11865.211296,NATUSD
2345,IDN,2015,13389.412937000001,NATUSD
2346,IDN,2016,13308.326802,NATUSD
2347,IDN,2017,13380.871667,NATUSD
2348,ISR,1950,3.6e-05,NATUSD
2349,ISR,1951,3.6e-05,NATUSD
2350,ISR,1952,3.6e-05,NATUSD
2351,ISR,1953,0.0001,NATUSD
2352,ISR,1954,0.00018,NATUSD
2353,ISR,1955,0.00018,NATUSD
2354,ISR,1956,0.00018,NATUSD
2355,ISR,1957,0.00018,NATUSD
2356,ISR,1958,0.00018,NATUSD
2357,ISR,1959,0.00018,NATUSD
2358,ISR,1960,0.00018,NATUSD
2359,ISR,1961,0.00018,NATUSD
2360,ISR,1962,0.00029,NATUSD
2361,ISR,1963,0.0003,NATUSD
2362,ISR,1964,0.0003,NATUSD
2363,ISR,1965,0.0003,NATUSD
2364,ISR,1966,0.0003,NATUSD
2365,ISR,1967,0.000308,NATUSD
2366,ISR,1968,0.00035,NATUSD
2367,ISR,1969,0.00035,NATUSD
2368,ISR,1970,0.00035,NATUSD
2369,ISR,1971,0.000379,NATUSD
2370,ISR,1972,0.00041799999999999997,NATUSD
2371,ISR,1973,0.00041900000000000005,NATUSD
2372,ISR,1974,0.00044500000000000003,NATUSD
2373,ISR,1975,0.000634,NATUSD
2374,ISR,1976,0.000793,NATUSD
2375,ISR,1977,0.001045,NATUSD
2376,ISR,1978,0.001744,NATUSD
2377,ISR,1979,0.002541,NATUSD
2378,ISR,1980,0.005124,NATUSD
2379,ISR,1981,0.011431,NATUSD
2380,ISR,1982,0.024267,NATUSD
2381,ISR,1983,0.056214,NATUSD
2382,ISR,1984,0.29320999999999997,NATUSD
2383,ISR,1985,1.178849,NATUSD
2384,ISR,1986,1.487842,NATUSD
2385,ISR,1987,1.5946420000000001,NATUSD
2386,ISR,1988,1.598933,NATUSD
2387,ISR,1989,1.9164169999999998,NATUSD
2388,ISR,1990,2.016175,NATUSD
2389,ISR,1991,2.2791080000000004,NATUSD
2390,ISR,1992,2.459083,NATUSD
2391,ISR,1993,2.830083,NATUSD
2392,ISR,1994,3.011055,NATUSD
2393,ISR,1995,3.0112919999999996,NATUSD
2394,ISR,1996,3.19165,NATUSD
2395,ISR,1997,3.44935,NATUSD
2396,ISR,1998,3.800075,NATUSD
2397,ISR,1999,4.139717,NATUSD
2398,ISR,2000,4.077333,NATUSD
2399,ISR,2001,4.20565,NATUSD
2400,ISR,2002,4.737825,NATUSD
2401,ISR,2003,4.554133,NATUSD
2402,ISR,2004,4.4819830000000005,NATUSD
2403,ISR,2005,4.4877,NATUSD
2404,ISR,2006,4.455808,NATUSD
2405,ISR,2007,4.108083000000001,NATUSD
2406,ISR,2008,3.588021,NATUSD
2407,ISR,2009,3.9323349999999997,NATUSD
2408,ISR,2010,3.738975,NATUSD
2409,ISR,2011,3.578129,NATUSD
2410,ISR,2012,3.855922,NATUSD
2411,ISR,2013,3.610758,NATUSD
2412,ISR,2014,3.577925,NATUSD
2413,ISR,2015,3.886833,NATUSD
2414,ISR,2016,3.8405669999999996,NATUSD
2415,ISR,2017,3.5995559999999998,NATUSD
2416,RUS,1993,0.991667,NATUSD
2417,RUS,1994,2.19075,NATUSD
2418,RUS,1995,4.55915,NATUSD
2419,RUS,1996,5.120833,NATUSD
2420,RUS,1997,5.784833,NATUSD
2421,RUS,1998,9.705083,NATUSD
2422,RUS,1999,24.6199,NATUSD
2423,RUS,2000,28.129167,NATUSD
2424,RUS,2001,29.168525,NATUSD
2425,RUS,2002,31.348483,NATUSD
2426,RUS,2003,30.692025,NATUSD
2427,RUS,2004,28.813741999999998,NATUSD
2428,RUS,2005,28.284442,NATUSD
2429,RUS,2006,27.190958000000002,NATUSD
2430,RUS,2007,25.580845,NATUSD
2431,RUS,2008,24.852875,NATUSD
2432,RUS,2009,31.740358,NATUSD
2433,RUS,2010,30.367915000000004,NATUSD
2434,RUS,2011,29.382340999999997,NATUSD
2435,RUS,2012,30.839831,NATUSD
2436,RUS,2013,31.837144,NATUSD
2437,RUS,2014,38.378207,NATUSD
2438,RUS,2015,60.93765,NATUSD
2439,RUS,2016,67.055933,NATUSD
2440,RUS,2017,58.342801,NATUSD
2441,SVN,1991,0.115053,NATUSD
2442,SVN,1992,0.33920500000000003,NATUSD
2443,SVN,1993,0.47255,NATUSD
2444,SVN,1994,0.537509,NATUSD
2445,SVN,1995,0.494569,NATUSD
2446,SVN,1996,0.564865,NATUSD
2447,SVN,1997,0.6663680000000001,NATUSD
2448,SVN,1998,0.6932659999999999,NATUSD
2449,SVN,1999,0.758509,NATUSD
2450,SVN,2000,0.929127,NATUSD
2451,SVN,2001,1.012973,NATUSD
2452,SVN,2002,1.002538,NATUSD
2453,SVN,2003,0.8642700000000001,NATUSD
2454,SVN,2004,0.8027920000000001,NATUSD
2455,SVN,2005,0.804146,NATUSD
2456,SVN,2006,0.797147,NATUSD
2457,SVN,2007,0.730638,NATUSD
2458,SVN,2008,0.682675,NATUSD
2459,SVN,2009,0.719843,NATUSD
2460,SVN,2010,0.755045,NATUSD
2461,SVN,2011,0.719355,NATUSD
2462,SVN,2012,0.7782939999999999,NATUSD
2463,SVN,2013,0.753159,NATUSD
2464,SVN,2014,0.753731,NATUSD
2465,SVN,2015,0.901659,NATUSD
2466,SVN,2016,0.904035,NATUSD
2467,SVN,2017,0.8873969999999999,NATUSD
2468,ZAF,1950,0.714286,NATUSD
2469,ZAF,1951,0.714286,NATUSD
2470,ZAF,1952,0.714286,NATUSD
2471,ZAF,1953,0.714286,NATUSD
2472,ZAF,1954,0.714286,NATUSD
2473,ZAF,1955,0.714286,NATUSD
2474,ZAF,1956,0.714286,NATUSD
2475,ZAF,1957,0.714286,NATUSD
2476,ZAF,1958,0.714286,NATUSD
2477,ZAF,1959,0.714286,NATUSD
2478,ZAF,1960,0.714286,NATUSD
2479,ZAF,1961,0.714286,NATUSD
2480,ZAF,1962,0.714286,NATUSD
2481,ZAF,1963,0.714286,NATUSD
2482,ZAF,1964,0.714286,NATUSD
2483,ZAF,1965,0.714286,NATUSD
2484,ZAF,1966,0.714286,NATUSD
2485,ZAF,1967,0.714286,NATUSD
2486,ZAF,1968,0.714286,NATUSD
2487,ZAF,1969,0.714286,NATUSD
2488,ZAF,1970,0.714286,NATUSD
2489,ZAF,1971,0.715217,NATUSD
2490,ZAF,1972,0.768725,NATUSD
2491,ZAF,1973,0.693959,NATUSD
2492,ZAF,1974,0.679477,NATUSD
2493,ZAF,1975,0.7395079999999999,NATUSD
2494,ZAF,1976,0.8695649999999999,NATUSD
2495,ZAF,1977,0.8695649999999999,NATUSD
2496,ZAF,1978,0.8695649999999999,NATUSD
2497,ZAF,1979,0.842023,NATUSD
2498,ZAF,1980,0.778834,NATUSD
2499,ZAF,1981,0.8775790000000001,NATUSD
2500,ZAF,1982,1.085816,NATUSD
2501,ZAF,1983,1.1141,NATUSD
2502,ZAF,1984,1.475277,NATUSD
2503,ZAF,1985,2.228675,NATUSD
2504,ZAF,1986,2.285032,NATUSD
2505,ZAF,1987,2.036033,NATUSD
2506,ZAF,1988,2.273468,NATUSD
2507,ZAF,1989,2.622678,NATUSD
2508,ZAF,1990,2.5873209999999998,NATUSD
2509,ZAF,1991,2.761315,NATUSD
2510,ZAF,1992,2.852014,NATUSD
2511,ZAF,1993,3.2677419999999997,NATUSD
2512,ZAF,1994,3.5507980000000003,NATUSD
2513,ZAF,1995,3.6270849999999997,NATUSD
2514,ZAF,1996,4.299348999999999,NATUSD
2515,ZAF,1997,4.607962000000001,NATUSD
2516,ZAF,1998,5.528283999999999,NATUSD
2517,ZAF,1999,6.109483999999999,NATUSD
2518,ZAF,2000,6.939827999999999,NATUSD
2519,ZAF,2001,8.609181,NATUSD
2520,ZAF,2002,10.540747,NATUSD
2521,ZAF,2003,7.564749000000001,NATUSD
2522,ZAF,2004,6.459693,NATUSD
2523,ZAF,2005,6.359328,NATUSD
2524,ZAF,2006,6.771549,NATUSD
2525,ZAF,2007,7.045364999999999,NATUSD
2526,ZAF,2008,8.261223,NATUSD
2527,ZAF,2009,8.473674,NATUSD
2528,ZAF,2010,7.321222,NATUSD
2529,ZAF,2011,7.261132000000001,NATUSD
2530,ZAF,2012,8.209969000000001,NATUSD
2531,ZAF,2013,9.655056,NATUSD
2532,ZAF,2014,10.852656,NATUSD
2533,ZAF,2015,12.758931,NATUSD
2534,ZAF,2016,14.709610999999999,NATUSD
2535,ZAF,2017,13.333781,NATUSD
2536,DEW,1960,2.147426,NATUSD
2537,DEW,1961,2.062209,NATUSD
2538,DEW,1962,2.045168,NATUSD
2539,DEW,1963,2.045168,NATUSD
2540,DEW,1964,2.045168,NATUSD
2541,DEW,1965,2.045168,NATUSD
2542,DEW,1966,2.045168,NATUSD
2543,DEW,1967,2.045168,NATUSD
2544,DEW,1968,2.045168,NATUSD
2545,DEW,1969,2.016193,NATUSD
2546,DEW,1970,1.8713279999999999,NATUSD
2547,DEW,1971,1.7848130000000002,NATUSD
2548,DEW,1972,1.630326,NATUSD
2549,DEW,1973,1.366479,NATUSD
2550,DEW,1974,1.3230959999999998,NATUSD
2551,DEW,1975,1.257926,NATUSD
2552,DEW,1976,1.287433,NATUSD
2553,DEW,1977,1.1873120000000001,NATUSD
2554,DEW,1978,1.026996,NATUSD
2555,DEW,1979,0.9371370000000001,NATUSD
2556,DEW,1980,0.9293600000000001,NATUSD
2557,DEW,1981,1.15552,NATUSD
2558,DEW,1982,1.240696,NATUSD
2559,DEW,1983,1.305461,NATUSD
2560,DEW,1984,1.455106,NATUSD
2561,DEW,1985,1.505228,NATUSD
2562,DEW,1986,1.11026,NATUSD
2563,DEW,1987,0.918991,NATUSD
2564,DEW,1988,0.8979459999999999,NATUSD
2565,DEW,1989,0.961249,NATUSD
2566,DEW,1990,0.82611,NATUSD
2567,DEW,1991,0.8485090000000001,NATUSD
2568,DEW,1992,0.798459,NATUSD
2569,DEW,1993,0.8453290000000001,NATUSD
2570,DEW,1994,0.8297190000000001,NATUSD
2571,DEW,1995,0.732748,NATUSD
2572,EU28,1995,0.76452,NATUSD
2573,EU28,1996,0.787557,NATUSD
2574,EU28,1997,0.8818030000000001,NATUSD
2575,EU28,1998,0.8919889999999999,NATUSD
2576,EU28,1999,0.938627,NATUSD
2577,EU28,2000,1.085401,NATUSD
2578,EU28,2001,1.11751,NATUSD
2579,EU28,2002,1.062552,NATUSD
2580,EU28,2003,0.886034,NATUSD
2581,EU28,2004,0.805365,NATUSD
2582,EU28,2005,0.80412,NATUSD
2583,EU28,2006,0.797141,NATUSD
2584,EU28,2007,0.730638,NATUSD
2585,EU28,2008,0.682675,NATUSD
2586,EU28,2009,0.719843,NATUSD
2587,EU28,2010,0.755045,NATUSD
2588,EU28,2011,0.719355,NATUSD
2589,EU28,2012,0.7782939999999999,NATUSD
2590,EU28,2013,0.753159,NATUSD
2591,EU28,2014,0.753731,NATUSD
2592,EU28,2015,0.901659,NATUSD
2593,EU28,2016,0.904035,NATUSD
2594,EU28,2017,0.8873969999999999,NATUSD
2595,LVA,1992,1.047898,NATUSD
2596,LVA,1993,0.9609129999999999,NATUSD
2597,LVA,1994,0.796452,NATUSD
2598,LVA,1995,0.750683,NATUSD
2599,LVA,1996,0.783647,NATUSD
2600,LVA,1997,0.82657,NATUSD
2601,LVA,1998,0.8392569999999999,NATUSD
2602,LVA,1999,0.832617,NATUSD
2603,LVA,2000,0.862972,NATUSD
2604,LVA,2001,0.893445,NATUSD
2605,LVA,2002,0.8796069999999999,NATUSD
2606,LVA,2003,0.813136,NATUSD
2607,LVA,2004,0.768683,NATUSD
2608,LVA,2005,0.803519,NATUSD
2609,LVA,2006,0.797389,NATUSD
2610,LVA,2007,0.73106,NATUSD
2611,LVA,2008,0.68414,NATUSD
2612,LVA,2009,0.719333,NATUSD
2613,LVA,2010,0.754798,NATUSD
2614,LVA,2011,0.713191,NATUSD
2615,LVA,2012,0.778133,NATUSD
2616,LVA,2013,0.753256,NATUSD
2617,LVA,2014,0.753731,NATUSD
2618,LVA,2015,0.901659,NATUSD
2619,LVA,2016,0.904035,NATUSD
2620,LVA,2017,0.8873969999999999,NATUSD
2621,LTU,1992,0.513424,NATUSD
2622,LTU,1993,1.2581280000000001,NATUSD
2623,LTU,1994,1.152036,NATUSD
2624,LTU,1995,1.15848,NATUSD
2625,LTU,1996,1.15848,NATUSD
2626,LTU,1997,1.15848,NATUSD
2627,LTU,1998,1.15848,NATUSD
2628,LTU,1999,1.15848,NATUSD
2629,LTU,2000,1.15848,NATUSD
2630,LTU,2001,1.15848,NATUSD
2631,LTU,2002,1.064921,NATUSD
2632,LTU,2003,0.8864879999999999,NATUSD
2633,LTU,2004,0.805315,NATUSD
2634,LTU,2005,0.803413,NATUSD
2635,LTU,2006,0.797099,NATUSD
2636,LTU,2007,0.730921,NATUSD
2637,LTU,2008,0.682656,NATUSD
2638,LTU,2009,0.719426,NATUSD
2639,LTU,2010,0.754846,NATUSD
2640,LTU,2011,0.718576,NATUSD
2641,LTU,2012,0.778004,NATUSD
2642,LTU,2013,0.753304,NATUSD
2643,LTU,2014,0.753097,NATUSD
2644,LTU,2015,0.901659,NATUSD
2645,LTU,2016,0.904035,NATUSD
2646,LTU,2017,0.8873969999999999,NATUSD
2647,SAU,1952,3.75,NATUSD
2648,SAU,1953,3.75,NATUSD
2649,SAU,1954,3.75,NATUSD
2650,SAU,1955,3.75,NATUSD
2651,SAU,1956,3.75,NATUSD
2652,SAU,1957,3.75,NATUSD
2653,SAU,1958,3.75,NATUSD
2654,SAU,1959,3.75,NATUSD
2655,SAU,1960,4.5,NATUSD
2656,SAU,1961,4.5,NATUSD
2657,SAU,1962,4.5,NATUSD
2658,SAU,1963,4.5,NATUSD
2659,SAU,1964,4.5,NATUSD
2660,SAU,1965,4.5,NATUSD
2661,SAU,1966,4.5,NATUSD
2662,SAU,1967,4.5,NATUSD
2663,SAU,1968,4.5,NATUSD
2664,SAU,1969,4.5,NATUSD
2665,SAU,1970,4.5,NATUSD
2666,SAU,1971,4.486829,NATUSD
2667,SAU,1972,4.144753,NATUSD
2668,SAU,1973,3.706589,NATUSD
2669,SAU,1974,3.55,NATUSD
2670,SAU,1975,3.517612,NATUSD
2671,SAU,1976,3.53,NATUSD
2672,SAU,1977,3.525065,NATUSD
2673,SAU,1978,3.3995620000000004,NATUSD
2674,SAU,1979,3.360837,NATUSD
2675,SAU,1980,3.326742,NATUSD
2676,SAU,1981,3.382508,NATUSD
2677,SAU,1982,3.428171,NATUSD
2678,SAU,1983,3.4547589999999997,NATUSD
2679,SAU,1984,3.5238110000000002,NATUSD
2680,SAU,1985,3.6221360000000002,NATUSD
2681,SAU,1986,3.70625,NATUSD
2682,SAU,1987,3.75,NATUSD
2683,SAU,1988,3.75,NATUSD
2684,SAU,1989,3.75,NATUSD
2685,SAU,1990,3.75,NATUSD
2686,SAU,1991,3.75,NATUSD
2687,SAU,1992,3.75,NATUSD
2688,SAU,1993,3.75,NATUSD
2689,SAU,1994,3.75,NATUSD
2690,SAU,1995,3.75,NATUSD
2691,SAU,1996,3.75,NATUSD
2692,SAU,1997,3.75,NATUSD
2693,SAU,1998,3.75,NATUSD
2694,SAU,1999,3.75,NATUSD
2695,SAU,2000,3.75,NATUSD
2696,SAU,2001,3.75,NATUSD
2697,SAU,2002,3.75,NATUSD
2698,SAU,2003,3.75,NATUSD
2699,SAU,2004,3.75,NATUSD
2700,SAU,2005,3.7470830000000004,NATUSD
2701,SAU,2006,3.745,NATUSD
2702,SAU,2007,3.7475,NATUSD
2703,SAU,2008,3.75,NATUSD
2704,SAU,2009,3.75,NATUSD
2705,SAU,2010,3.75,NATUSD
2706,SAU,2011,3.75,NATUSD
2707,SAU,2012,3.75,NATUSD
2708,SAU,2013,3.75,NATUSD
2709,SAU,2014,3.75,NATUSD
2710,SAU,2015,3.75,NATUSD
2711,SAU,2016,3.75,NATUSD
2712,SAU,2017,3.75,NATUSD
2713,EA19,1995,0.76452,NATUSD
2714,EA19,1996,0.787557,NATUSD
2715,EA19,1997,0.8818030000000001,NATUSD
2716,EA19,1998,0.8919889999999999,NATUSD
2717,EA19,1999,0.938627,NATUSD
2718,EA19,2000,1.085401,NATUSD
2719,EA19,2001,1.11751,NATUSD
2720,EA19,2002,1.062552,NATUSD
2721,EA19,2003,0.886034,NATUSD
2722,EA19,2004,0.805365,NATUSD
2723,EA19,2005,0.80412,NATUSD
2724,EA19,2006,0.797141,NATUSD
2725,EA19,2007,0.730638,NATUSD
2726,EA19,2008,0.682675,NATUSD
2727,EA19,2009,0.719843,NATUSD
2728,EA19,2010,0.755045,NATUSD
2729,EA19,2011,0.719355,NATUSD
2730,EA19,2012,0.7782939999999999,NATUSD
2731,EA19,2013,0.753159,NATUSD
2732,EA19,2014,0.753731,NATUSD
2733,EA19,2015,0.901659,NATUSD
2734,EA19,2016,0.904035,NATUSD
2735,EA19,2017,0.8873969999999999,NATUSD
2736,ARG,1962,0.0,NATUSD
2737,ARG,1963,0.0,NATUSD
2738,ARG,1964,0.0,NATUSD
2739,ARG,1965,0.0,NATUSD
2740,ARG,1966,0.0,NATUSD
2741,ARG,1967,0.0,NATUSD
2742,ARG,1968,0.0,NATUSD
2743,ARG,1969,0.0,NATUSD
2744,ARG,1970,0.0,NATUSD
2745,ARG,1971,0.0,NATUSD
2746,ARG,1972,0.0,NATUSD
2747,ARG,1973,0.0,NATUSD
2748,ARG,1974,0.0,NATUSD
2749,ARG,1975,0.0,NATUSD
2750,ARG,1976,0.0,NATUSD
2751,ARG,1977,0.0,NATUSD
2752,ARG,1978,0.0,NATUSD
2753,ARG,1979,0.0,NATUSD
2754,ARG,1980,0.0,NATUSD
2755,ARG,1981,0.0,NATUSD
2756,ARG,1982,0.0,NATUSD
2757,ARG,1983,1e-06,NATUSD
2758,ARG,1984,7.000000000000001e-06,NATUSD
2759,ARG,1985,5.9999999999999995e-05,NATUSD
2760,ARG,1986,9.4e-05,NATUSD
2761,ARG,1987,0.00021400000000000002,NATUSD
2762,ARG,1988,0.000875,NATUSD
2763,ARG,1989,0.042334,NATUSD
2764,ARG,1990,0.48758900000000005,NATUSD
2765,ARG,1991,0.9535540000000001,NATUSD
2766,ARG,1992,0.990642,NATUSD
2767,ARG,1993,0.9989459999999999,NATUSD
2768,ARG,1994,0.999008,NATUSD
2769,ARG,1995,0.99975,NATUSD
2770,ARG,1996,0.999663,NATUSD
2771,ARG,1997,0.9995,NATUSD
2772,ARG,1998,0.9995,NATUSD
2773,ARG,1999,0.9995,NATUSD
2774,ARG,2000,0.9995,NATUSD
2775,ARG,2001,0.9995,NATUSD
2776,ARG,2002,3.063257,NATUSD
2777,ARG,2003,2.900629,NATUSD
2778,ARG,2004,2.923301,NATUSD
2779,ARG,2005,2.903658,NATUSD
2780,ARG,2006,3.054313,NATUSD
2781,ARG,2007,3.0956490000000003,NATUSD
2782,ARG,2008,3.144165,NATUSD
2783,ARG,2009,3.710107,NATUSD
2784,ARG,2010,3.896295,NATUSD
2785,ARG,2011,4.11014,NATUSD
2786,ARG,2012,4.536934,NATUSD
2787,ARG,2013,5.459353,NATUSD
2788,ARG,2014,8.075275999999999,NATUSD
2789,ARG,2015,9.233186,NATUSD
2790,ARG,2016,14.758175,NATUSD
2791,ARG,2017,16.562707,NATUSD
2792,CRI,1950,5.615,NATUSD
2793,CRI,1951,5.615,NATUSD
2794,CRI,1952,5.615,NATUSD
2795,CRI,1953,5.615,NATUSD
2796,CRI,1954,5.615,NATUSD
2797,CRI,1955,5.615,NATUSD
2798,CRI,1956,5.615,NATUSD
2799,CRI,1957,5.615,NATUSD
2800,CRI,1958,5.615,NATUSD
2801,CRI,1959,5.615,NATUSD
2802,CRI,1960,5.615,NATUSD
2803,CRI,1961,5.951667,NATUSD
2804,CRI,1962,6.625,NATUSD
2805,CRI,1963,6.625,NATUSD
2806,CRI,1964,6.625,NATUSD
2807,CRI,1965,6.625,NATUSD
2808,CRI,1966,6.625,NATUSD
2809,CRI,1967,6.625,NATUSD
2810,CRI,1968,6.625,NATUSD
2811,CRI,1969,6.625,NATUSD
2812,CRI,1970,6.625,NATUSD
2813,CRI,1971,6.625833,NATUSD
2814,CRI,1972,6.635,NATUSD
2815,CRI,1973,6.646758,NATUSD
2816,CRI,1974,7.93,NATUSD
2817,CRI,1975,8.57,NATUSD
2818,CRI,1976,8.57,NATUSD
2819,CRI,1977,8.57,NATUSD
2820,CRI,1978,8.57,NATUSD
2821,CRI,1979,8.57,NATUSD
2822,CRI,1980,8.57,NATUSD
2823,CRI,1981,21.763333,NATUSD
2824,CRI,1982,37.406667,NATUSD
2825,CRI,1983,41.094167,NATUSD
2826,CRI,1984,44.532683,NATUSD
2827,CRI,1985,50.45335,NATUSD
2828,CRI,1986,55.98589200000001,NATUSD
2829,CRI,1987,62.7762,NATUSD
2830,CRI,1988,75.804733,NATUSD
2831,CRI,1989,81.50420799999999,NATUSD
2832,CRI,1990,91.57929200000001,NATUSD
2833,CRI,1991,122.43241699999999,NATUSD
2834,CRI,1992,134.506333,NATUSD
2835,CRI,1993,142.17166699999999,NATUSD
2836,CRI,1994,157.066667,NATUSD
2837,CRI,1995,179.729167,NATUSD
2838,CRI,1996,207.689167,NATUSD
2839,CRI,1997,232.5975,NATUSD
2840,CRI,1998,257.229167,NATUSD
2841,CRI,1999,285.68469500000003,NATUSD
2842,CRI,2000,308.186667,NATUSD
2843,CRI,2001,328.870833,NATUSD
2844,CRI,2002,359.817527,NATUSD
2845,CRI,2003,398.66222200000004,NATUSD
2846,CRI,2004,437.935,NATUSD
2847,CRI,2005,477.786741,NATUSD
2848,CRI,2006,511.30181799999997,NATUSD
2849,CRI,2007,516.61739,NATUSD
2850,CRI,2008,526.235513,NATUSD
2851,CRI,2009,573.287957,NATUSD
2852,CRI,2010,525.829201,NATUSD
2853,CRI,2011,505.66424000000006,NATUSD
2854,CRI,2012,502.90146200000004,NATUSD
2855,CRI,2013,499.766833,NATUSD
2856,CRI,2014,538.3172,NATUSD
2857,CRI,2015,534.56577,NATUSD
2858,CRI,2016,544.739367,NATUSD
2859,CRI,2017,567.51309,NATUSD
2860,BGR,1953,0.00117,NATUSD
2861,BGR,1954,0.00117,NATUSD
2862,BGR,1955,0.00117,NATUSD
2863,BGR,1956,0.00117,NATUSD
2864,BGR,1957,0.00117,NATUSD
2865,BGR,1958,0.00117,NATUSD
2866,BGR,1959,0.00117,NATUSD
2867,BGR,1960,0.00117,NATUSD
2868,BGR,1961,0.00117,NATUSD
2869,BGR,1962,0.00117,NATUSD
2870,BGR,1963,0.00117,NATUSD
2871,BGR,1964,0.00117,NATUSD
2872,BGR,1965,0.00117,NATUSD
2873,BGR,1966,0.00117,NATUSD
2874,BGR,1967,0.00117,NATUSD
2875,BGR,1968,0.00117,NATUSD
2876,BGR,1969,0.00117,NATUSD
2877,BGR,1970,0.00117,NATUSD
2878,BGR,1971,0.00117,NATUSD
2879,BGR,1972,0.00108,NATUSD
2880,BGR,1973,0.0009789999999999998,NATUSD
2881,BGR,1974,0.0009699999999999999,NATUSD
2882,BGR,1985,0.00103,NATUSD
2883,BGR,1986,0.0009400000000000001,NATUSD
2884,BGR,1987,0.0008699999999999999,NATUSD
2885,BGR,1988,0.0008300000000000001,NATUSD
2886,BGR,1989,0.00084,NATUSD
2887,BGR,1990,0.0021899999999999997,NATUSD
2888,BGR,1991,0.017787999999999998,NATUSD
2889,BGR,1992,0.023341,NATUSD
2890,BGR,1993,0.027594,NATUSD
2891,BGR,1994,0.054134,NATUSD
2892,BGR,1995,0.06717100000000001,NATUSD
2893,BGR,1996,0.17788900000000002,NATUSD
2894,BGR,1997,1.6818790000000001,NATUSD
2895,BGR,1998,1.760358,NATUSD
2896,BGR,1999,1.836383,NATUSD
2897,BGR,2000,2.123275,NATUSD
2898,BGR,2001,2.184708,NATUSD
2899,BGR,2002,2.076975,NATUSD
2900,BGR,2003,1.732702,NATUSD
2901,BGR,2004,1.575109,NATUSD
2902,BGR,2005,1.574133,NATUSD
2903,BGR,2006,1.559267,NATUSD
2904,BGR,2007,1.42905,NATUSD
2905,BGR,2008,1.337117,NATUSD
2906,BGR,2009,1.406692,NATUSD
2907,BGR,2010,1.477392,NATUSD
2908,BGR,2011,1.406458,NATUSD
2909,BGR,2012,1.52205,NATUSD
2910,BGR,2013,1.473567,NATUSD
2911,BGR,2014,1.474183,NATUSD
2912,BGR,2015,1.7644,NATUSD
2913,BGR,2016,1.768042,NATUSD
2914,BGR,2017,1.7354580000000002,NATUSD
2915,HRV,1992,0.263298,NATUSD
2916,HRV,1993,3.5791489999999997,NATUSD
2917,HRV,1994,5.998011,NATUSD
2918,HRV,1995,5.2307559999999995,NATUSD
2919,HRV,1996,5.4341610000000005,NATUSD
2920,HRV,1997,6.160583,NATUSD
2921,HRV,1998,6.363286,NATUSD
2922,HRV,1999,7.111743,NATUSD
2923,HRV,2000,8.277666,NATUSD
2924,HRV,2001,8.341541000000001,NATUSD
2925,HRV,2002,7.871683,NATUSD
2926,HRV,2003,6.704969,NATUSD
2927,HRV,2004,6.034341,NATUSD
2928,HRV,2005,5.949237,NATUSD
2929,HRV,2006,5.8377930000000005,NATUSD
2930,HRV,2007,5.364536,NATUSD
2931,HRV,2008,4.93504,NATUSD
2932,HRV,2009,5.283946,NATUSD
2933,HRV,2010,5.498011,NATUSD
2934,HRV,2011,5.34387,NATUSD
2935,HRV,2012,5.850292,NATUSD
2936,HRV,2013,5.70488,NATUSD
2937,HRV,2014,5.748165,NATUSD
2938,HRV,2015,6.8583039999999995,NATUSD
2939,HRV,2016,6.8059899999999995,NATUSD
2940,HRV,2017,6.623831,NATUSD
2941,CYP,1950,0.610215,NATUSD
2942,CYP,1951,0.610215,NATUSD
2943,CYP,1952,0.610215,NATUSD
2944,CYP,1953,0.610215,NATUSD
2945,CYP,1954,0.610215,NATUSD
2946,CYP,1955,0.610215,NATUSD
2947,CYP,1956,0.610215,NATUSD
2948,CYP,1957,0.610215,NATUSD
2949,CYP,1958,0.610215,NATUSD
2950,CYP,1959,0.610215,NATUSD
2951,CYP,1960,0.610215,NATUSD
2952,CYP,1961,0.610215,NATUSD
2953,CYP,1962,0.610215,NATUSD
2954,CYP,1963,0.610215,NATUSD
2955,CYP,1964,0.610215,NATUSD
2956,CYP,1965,0.610215,NATUSD
2957,CYP,1966,0.610215,NATUSD
2958,CYP,1967,0.61869,NATUSD
2959,CYP,1968,0.711918,NATUSD
2960,CYP,1969,0.711918,NATUSD
2961,CYP,1970,0.711918,NATUSD
2962,CYP,1971,0.701775,NATUSD
2963,CYP,1972,0.6553720000000001,NATUSD
2964,CYP,1973,0.5979260000000001,NATUSD
2965,CYP,1974,0.6231140000000001,NATUSD
2966,CYP,1975,0.630315,NATUSD
2967,CYP,1976,0.7013739999999999,NATUSD
2968,CYP,1977,0.697317,NATUSD
2969,CYP,1978,0.638184,NATUSD
2970,CYP,1979,0.605603,NATUSD
2971,CYP,1980,0.603225,NATUSD
2972,CYP,1981,0.720057,NATUSD
2973,CYP,1982,0.812245,NATUSD
2974,CYP,1983,0.899819,NATUSD
2975,CYP,1984,1.005317,NATUSD
2976,CYP,1985,1.046608,NATUSD
2977,CYP,1986,0.8853,NATUSD
2978,CYP,1987,0.822002,NATUSD
2979,CYP,1988,0.797283,NATUSD
2980,CYP,1989,0.845117,NATUSD
2981,CYP,1990,0.782676,NATUSD
2982,CYP,1991,0.793523,NATUSD
2983,CYP,1992,0.768099,NATUSD
2984,CYP,1993,0.849867,NATUSD
2985,CYP,1994,0.840958,NATUSD
2986,CYP,1995,0.7730060000000001,NATUSD
2987,CYP,1996,0.79674,NATUSD
2988,CYP,1997,0.8780459999999999,NATUSD
2989,CYP,1998,0.884758,NATUSD
2990,CYP,1999,0.927681,NATUSD
2991,CYP,2000,1.063449,NATUSD
2992,CYP,2001,1.098814,NATUSD
2993,CYP,2002,1.043375,NATUSD
2994,CYP,2003,0.8841040000000001,NATUSD
2995,CYP,2004,0.800652,NATUSD
2996,CYP,2005,0.792912,NATUSD
2997,CYP,2006,0.784104,NATUSD
2998,CYP,2007,0.728078,NATUSD
2999,CYP,2008,0.682675,NATUSD
3000,CYP,2009,0.719843,NATUSD
3001,CYP,2010,0.755045,NATUSD
3002,CYP,2011,0.719355,NATUSD
3003,CYP,2012,0.7782939999999999,NATUSD
3004,CYP,2013,0.753159,NATUSD
3005,CYP,2014,0.753731,NATUSD
3006,CYP,2015,0.901659,NATUSD
3007,CYP,2016,0.904035,NATUSD
3008,CYP,2017,0.8873969999999999,NATUSD
3009,MLT,1950,0.8319190000000001,NATUSD
3010,MLT,1951,0.8319190000000001,NATUSD
3011,MLT,1952,0.8319190000000001,NATUSD
3012,MLT,1953,0.8319190000000001,NATUSD
3013,MLT,1954,0.8319190000000001,NATUSD
3014,MLT,1955,0.8319190000000001,NATUSD
3015,MLT,1956,0.8319190000000001,NATUSD
3016,MLT,1957,0.8319190000000001,NATUSD
3017,MLT,1958,0.8319190000000001,NATUSD
3018,MLT,1959,0.8319190000000001,NATUSD
3019,MLT,1960,0.8319190000000001,NATUSD
3020,MLT,1961,0.8319190000000001,NATUSD
3021,MLT,1962,0.8319190000000001,NATUSD
3022,MLT,1963,0.8319190000000001,NATUSD
3023,MLT,1964,0.8319190000000001,NATUSD
3024,MLT,1965,0.8319190000000001,NATUSD
3025,MLT,1966,0.8319190000000001,NATUSD
3026,MLT,1967,0.843474,NATUSD
3027,MLT,1968,0.9705729999999999,NATUSD
3028,MLT,1969,0.9705729999999999,NATUSD
3029,MLT,1970,0.9705729999999999,NATUSD
3030,MLT,1971,0.948305,NATUSD
3031,MLT,1972,0.888835,NATUSD
3032,MLT,1973,0.859065,NATUSD
3033,MLT,1974,0.8979309999999999,NATUSD
3034,MLT,1975,0.8963040000000001,NATUSD
3035,MLT,1976,0.9903,NATUSD
3036,MLT,1977,0.983716,NATUSD
3037,MLT,1978,0.897702,NATUSD
3038,MLT,1979,0.83501,NATUSD
3039,MLT,1980,0.804628,NATUSD
3040,MLT,1981,0.9007709999999999,NATUSD
3041,MLT,1982,0.960034,NATUSD
3042,MLT,1983,1.007336,NATUSD
3043,MLT,1984,1.073921,NATUSD
3044,MLT,1985,1.092837,NATUSD
3045,MLT,1986,0.9154260000000001,NATUSD
3046,MLT,1987,0.804779,NATUSD
3047,MLT,1988,0.7706890000000001,NATUSD
3048,MLT,1989,0.811769,NATUSD
3049,MLT,1990,0.740252,NATUSD
3050,MLT,1991,0.7529520000000001,NATUSD
3051,MLT,1992,0.742892,NATUSD
3052,MLT,1993,0.890495,NATUSD
3053,MLT,1994,0.8803190000000001,NATUSD
3054,MLT,1995,0.822406,NATUSD
3055,MLT,1996,0.839636,NATUSD
3056,MLT,1997,0.899059,NATUSD
3057,MLT,1998,0.904867,NATUSD
3058,MLT,1999,0.929183,NATUSD
3059,MLT,2000,1.020615,NATUSD
3060,MLT,2001,1.0483149999999999,NATUSD
3061,MLT,2002,1.0100639999999999,NATUSD
3062,MLT,2003,0.878717,NATUSD
3063,MLT,2004,0.8028489999999999,NATUSD
3064,MLT,2005,0.805445,NATUSD
3065,MLT,2006,0.7940689999999999,NATUSD
3066,MLT,2007,0.726007,NATUSD
3067,MLT,2008,0.682675,NATUSD
3068,MLT,2009,0.719843,NATUSD
3069,MLT,2010,0.755045,NATUSD
3070,MLT,2011,0.719355,NATUSD
3071,MLT,2012,0.7782939999999999,NATUSD
3072,MLT,2013,0.753159,NATUSD
3073,MLT,2014,0.753731,NATUSD
3074,MLT,2015,0.901659,NATUSD
3075,MLT,2016,0.904035,NATUSD
3076,MLT,2017,0.8873969999999999,NATUSD
3077,PER,1950,0.0,NATUSD
3078,PER,1951,0.0,NATUSD
3079,PER,1952,0.0,NATUSD
3080,PER,1953,0.0,NATUSD
3081,PER,1954,0.0,NATUSD
3082,PER,1955,0.0,NATUSD
3083,PER,1956,0.0,NATUSD
3084,PER,1957,0.0,NATUSD
3085,PER,1958,0.0,NATUSD
3086,PER,1959,0.0,NATUSD
3087,PER,1960,0.0,NATUSD
3088,PER,1961,0.0,NATUSD
3089,PER,1962,0.0,NATUSD
3090,PER,1963,0.0,NATUSD
3091,PER,1964,0.0,NATUSD
3092,PER,1965,0.0,NATUSD
3093,PER,1966,0.0,NATUSD
3094,PER,1967,0.0,NATUSD
3095,PER,1968,0.0,NATUSD
3096,PER,1969,0.0,NATUSD
3097,PER,1970,0.0,NATUSD
3098,PER,1971,0.0,NATUSD
3099,PER,1972,0.0,NATUSD
3100,PER,1973,0.0,NATUSD
3101,PER,1974,0.0,NATUSD
3102,PER,1975,0.0,NATUSD
3103,PER,1976,0.0,NATUSD
3104,PER,1977,0.0,NATUSD
3105,PER,1978,0.0,NATUSD
3106,PER,1979,0.0,NATUSD
3107,PER,1980,0.0,NATUSD
3108,PER,1981,0.0,NATUSD
3109,PER,1982,1e-06,NATUSD
3110,PER,1983,2e-06,NATUSD
3111,PER,1984,3e-06,NATUSD
3112,PER,1985,1.1e-05,NATUSD
3113,PER,1986,1.4000000000000001e-05,NATUSD
3114,PER,1987,1.7e-05,NATUSD
3115,PER,1988,0.000129,NATUSD
3116,PER,1989,0.002666,NATUSD
3117,PER,1990,0.187886,NATUSD
3118,PER,1991,0.7725,NATUSD
3119,PER,1992,1.245833,NATUSD
3120,PER,1993,1.988319,NATUSD
3121,PER,1994,2.195,NATUSD
3122,PER,1995,2.253333,NATUSD
3123,PER,1996,2.453333,NATUSD
3124,PER,1997,2.664167,NATUSD
3125,PER,1998,2.93,NATUSD
3126,PER,1999,3.3833330000000004,NATUSD
3127,PER,2000,3.49,NATUSD
3128,PER,2001,3.5068330000000003,NATUSD
3129,PER,2002,3.5165,NATUSD
3130,PER,2003,3.4784669999999998,NATUSD
3131,PER,2004,3.413175,NATUSD
3132,PER,2005,3.295842,NATUSD
3133,PER,2006,3.274033,NATUSD
3134,PER,2007,3.128045,NATUSD
3135,PER,2008,2.924408,NATUSD
3136,PER,2009,3.011508,NATUSD
3137,PER,2010,2.825125,NATUSD
3138,PER,2011,2.7541,NATUSD
3139,PER,2012,2.637586,NATUSD
3140,PER,2013,2.701899,NATUSD
3141,PER,2014,2.839044,NATUSD
3142,PER,2015,3.184439,NATUSD
3143,PER,2016,3.3750620000000002,NATUSD
3144,ROU,1957,0.0006,NATUSD
3145,ROU,1958,0.0006,NATUSD
3146,ROU,1959,0.0006,NATUSD
3147,ROU,1960,0.0006,NATUSD
3148,ROU,1961,0.0006,NATUSD
3149,ROU,1962,0.0006,NATUSD
3150,ROU,1963,0.0006,NATUSD
3151,ROU,1964,0.0006,NATUSD
3152,ROU,1965,0.0006,NATUSD
3153,ROU,1966,0.0006,NATUSD
3154,ROU,1967,0.0006,NATUSD
3155,ROU,1968,0.0006,NATUSD
3156,ROU,1969,0.0006,NATUSD
3157,ROU,1970,0.0006,NATUSD
3158,ROU,1971,0.0006,NATUSD
3159,ROU,1972,0.000553,NATUSD
3160,ROU,1973,0.0018789999999999998,NATUSD
3161,ROU,1974,0.002,NATUSD
3162,ROU,1975,0.002,NATUSD
3163,ROU,1976,0.002,NATUSD
3164,ROU,1977,0.002,NATUSD
3165,ROU,1978,0.001836,NATUSD
3166,ROU,1979,0.0018,NATUSD
3167,ROU,1980,0.0018,NATUSD
3168,ROU,1981,0.0015,NATUSD
3169,ROU,1982,0.0015,NATUSD
3170,ROU,1983,0.001718,NATUSD
3171,ROU,1984,0.002128,NATUSD
3172,ROU,1985,0.001714,NATUSD
3173,ROU,1986,0.001615,NATUSD
3174,ROU,1987,0.001456,NATUSD
3175,ROU,1988,0.001428,NATUSD
3176,ROU,1989,0.001492,NATUSD
3177,ROU,1990,0.0022429999999999998,NATUSD
3178,ROU,1991,0.007639,NATUSD
3179,ROU,1992,0.030795,NATUSD
3180,ROU,1993,0.07600499999999999,NATUSD
3181,ROU,1994,0.165509,NATUSD
3182,ROU,1995,0.203328,NATUSD
3183,ROU,1996,0.308422,NATUSD
3184,ROU,1997,0.7167939999999999,NATUSD
3185,ROU,1998,0.887558,NATUSD
3186,ROU,1999,1.533284,NATUSD
3187,ROU,2000,2.170872,NATUSD
3188,ROU,2001,2.906079,NATUSD
3189,ROU,2002,3.305543,NATUSD
3190,ROU,2003,3.320007,NATUSD
3191,ROU,2004,3.263657,NATUSD
3192,ROU,2005,2.913653,NATUSD
3193,ROU,2006,2.808983,NATUSD
3194,ROU,2007,2.43825,NATUSD
3195,ROU,2008,2.5188580000000003,NATUSD
3196,ROU,2009,3.049325,NATUSD
3197,ROU,2010,3.1779,NATUSD
3198,ROU,2011,3.048608,NATUSD
3199,ROU,2012,3.4682,NATUSD
3200,ROU,2013,3.327917,NATUSD
3201,ROU,2014,3.349175,NATUSD
3202,ROU,2015,4.005667,NATUSD
3203,ROU,2016,4.059183,NATUSD
3204,ROU,2017,4.052492,NATUSD
